{
	"Highweek (Newton Abbot)": "Highweek",
	"Pennycross / Weston Peverell (linked to Plymouth St Andrew)": "Pennycross",
	"Rewe (part, excl Up Exe)": "Rewe",
	"Westleigh (near Bideford)": "Westleigh",
	"Combeinteignhead (incl Haccombe)": "Combeinteignhead",
	"Dalwood (from Dorset, 1844)": "Dalwood",
	"Churchstanton (to Somerset, 1896)": "Churchstanton",
	"Nether Exe": "Netherexe", 
	"Bickleigh (near Tiverton)": "Bickleigh (Near Tiverton)",
	"Bow (or Nymet Tracy)": "Bow",
	"Lundy (island)": "Lundy",
	"Littleham (incl most of Exmouth)": "Littleham (Near Exmouth)",
	"Plymouth St Andrew (excl Pennycross / Weston Peverell)": "Plymouth St Andrew",
	"Exeter St Thomas the Apostle (outside City walls)": "Exeter St Thomas The Apostle",
	"Withycombe Raleigh (incl part of Exmouth)": "Withycombe Raleigh",
	"Exeter Cathedral (St Peter)": "Exeter St Peter",
	"Northam (incl Appledore)": "Northam",
	"East Budleigh (incl Budleigh Salterton)": "East Budleigh",
	"Boyton (Mostly Cornwall, but Northcott = Devon)": "Boyton",
	"Tormoham (Torquay)": "Tormoham",
	"Plympton St Maurice / Plympton Earl": "Plympton St Maurice",
	"Chittlehampton (incl Chittlehamholt)": "Chittlehampton",
	"Exeter St Mary Steps (partly outside City walls)": "Exeter St Mary Steps",
	"Woolfardisworthy (near Hartland)": "Woolfardisworthy",
	"Uplowman (part)": "Uplowman",
	"Stoodleigh (incl Highley St Mary)": "Stoodleigh",
	"Axminster (incl Beerhall)": "Axminster",
	"Lydford (incl Dartmoor Forest / Princetown)": "Lydford",
	"Doddiscombeleigh": "Doddiscombsleigh",
	"Wolborough (incl most of Newton Abbot)": "Wolborough",
	"Exeter Allhallows on the Walls": "Exeter Allhallows On The Wall",
	"Ashreigney / Ring Ash": "Ashreigney",
	"Peter Tavy (incl Willsworthy)": "Peter Tavy",
	"St Giles in the Wood": "St Giles In The Wood",
	"Exeter St Sidwell (outside City walls)": "Exeter St Sidwell",
	"King's Nympton": "Kings Nympton",
	"Exeter St David (outside City walls)": "Exeter St David",
	"Malborough (incl Salcombe)": "Malborough",
	"Mortenhoe": "Mortehoe",
	"Widecombe in the Moor": "Widecombe In The Moor",
	"Stoke Damerel / Devonport": "Stoke Damerel",
	"Buckland in the Moor": "Buckland In The Moor",
	"Exeter St Leonard (outside City walls)": "Exeter St Leonard",
	"Ipplepen (excl Woodland)": "Ipplepen",
	"Stockland (from Dorset, 1844)": "Stockland",
	"Berrynarbour": "Berrynarbor",
	"Woolfardisworthy (in Mid Devon)": "Woolfardisworthy",
	"North Tawton (incl Broad Nymet)": "North Tawton",
	"Bridgerule (Mostly Cornwall. Devon part only)": "Bridgerule",
	"North Petherwin (to Cornwall, 1966)": "North Petherwin",
	"Woodland (linked to Ipplepen)": "Woodland",
	"Brixham (All Saints & St Mary)": "Brixham",
	"Bere Ferrers (incl Bere Alston)": "Bere Ferrers",
	"Yarnscombe (data amended)": "Yarnscombe",
	"Littleham (near Bideford)": "Littleham",
	"Dodbrooke (Kingsbridge)": "Dodbrooke",
	"Chardstock (from Dorset, 1896; incl All Saints)": "Chardstock",
	"Hennock (data amended)": "Hennock",
	"Shaldon / St Nicholas": "Shaldon (St Nicholas)",
	"Wear Gifford": "Weare Giffard",
	"Ermington (incl Ivybridge)": "Ermington",
	"Axmouth (incl Horsedown and Rousdon)": "Axmouth",
	"Exeter St Edmund (outside City walls)": "Exeter St Edmund",
	"Starcross (created later from Dawlish and Kenton)": "Starcross",
	"Maker (Mostly Cornwall, but Vaulter's Home = Devon)": "Maker",
	"Bicton (incl Dotton)": "Bicton",
	"Okehampton (incl Kigbeare)": "Okehampton",
	"Milton Damerell": "Milton Damerel",
	"Plymouth Charles the Martyr (excl Compton Gifford)": "Plymouth Charles The Martyr",
	"Seaton (incl Beer)": "Seaton And Beer",
	"Burlescombe (part)": "Burlescombe",
	"Werrington (to Cornwall, 1966)": "Werrington",
	"Thorncombe (to Dorset, 1844)": "Thorncombe",
	"Dartmouth St Clement / Townstall": "Dartmouth Townstall",
	"St Giles in the Heath (was Cornwall)": "St Giles On The Heath",
	"Hawkchurch (from Dorset, 1896)": "Hawkchurch",
	"Exeter Allhallows Goldsmith Street": "Exeter Allhallows Goldsmith St.",
	"Bickleigh (near Plymouth)": "Bickleigh (Roborough)",
	"Exeter St Paul (incl Bradninch Precinct / Castle)": "Exeter St Paul",
	"Kentisbeare (incl Blackborough)": "Kentisbeare",
	"Halberton / Newport": "Halberton",
	"St Budeaux (small part in Cornwall)": "Plymouth St Budeaux",
	"Rewe (part, incl Up Exe)": "Rewe",
	"Holbeton (data amended)": "Holbeton",
	"Roborough (near Torrington)": "Roborough",
	"Samford Courtenay (incl Sticklepath)": "Sampford Courtenay",
	"Willand (excl Whitrey)": "Willand",
	"Aylesbeare (incl Newton Poppleford)": "Aylesbeare",
	"Allhallows Goldsmith St.": "Exeter Allhallows Goldsmith St.",
	"Allhallows On The Wall": "Exeter Allhallows On The Wall",
	"Bedford Precinct": "Exeter Bedford Precinct",
	"Cathedral": "Exeter Cathedral",
	"Heavitree": "Exeter Heavitree",
	"Holy Trinity": "Exeter Holy Trinity",
	"St David": "Exeter St David",
	"St Edmund": "Exeter St Edmund",
	"St George": "Exeter St George",
	"St John": "Exeter St John",
	"St Kerrian": "Exeter St Kerrian",
	"St Lawrence": "Exeter St Lawrence",
	"St Leonard": "Exeter St Leonard",
	"St Martin": "Exeter St Martin",
	"St Mary Arches": "Exeter St Mary Arches",
	"St Mary Major": "Exeter St Mary Major",
	"St Mary Steps": "Exeter St Mary Steps",
	"St Olave": "Exeter St Olave",
	"St Pancras": "Exeter St Pancras",
	"St Paul": "Exeter St Paul",
	"St Petrock": "Exeter St Petrock",
	"St Sidwell": "Exeter St Sidwell",
	"St Stephen": "Exeter St Stephen",
	"St Thomas The Apostle": "Exeter St Thomas The Apostle",
	"St Budeaux": "Plymouth St Budeaux",
	"Charles The Martyr": "Plymouth Charles The Martyr",
	"Burlescombe (Bampton)": "Burlescombe",
	"Woolfardisworthy (West)": "Woolfardisworthy",
	"St Andrew": "Plymouth St Andrew",
	"Uplowman (T)": "Uplowman"
	
}