{
    "All Hallows Goldsmith Street": "Exeter Allhallows Goldsmith St",
    "All Hallows Goldsmith St.": "Exeter Allhallows Goldsmith St",
    "All Hallows On The Walls": "Exeter Allhallows On The Wall",
    "Allhallows On The Wall": "Exeter Allhallows On The Wall",
    "Allhallows Goldsmith Street": "Exeter Allhallows Goldsmith St",
    "Allhallows Goldsmith St.": "Exeter Allhallows Goldsmith St",
    "Allington, East": "East Allington",
    "Alphyngton": "Alphington",
    "Asheton": "Ashton",
    "Ashforde": "Ashford",
    "Bedford Circus": "Exeter",
    "Bideforde": "Bideford",
    "Botterford Tithing": "North Huish",
    "Bow Or Nymet Tracy": "Bow",
    "Bow otherwise Nymet Tracey": "Bow",
    "Bradninch Precinct": "Bradninch",
    "Bridestow": "Bridestowe",
    "Bridestowe Sourton": "Bridestowe",
    "Bridgerule East": "Bridgerule",
    "Bridgerule West": "Bridgerule",
    "Brixham All Saints": "Brixham",
    "Broad Clyst": "Broadclyst",
    "Broadnymet": "Broad Nymet",
    "Broadwood Kelly": "Broadwoodkelly",
    "Brydford": "Bridford",
    "Buckland Toutsaints": "Buckland Tout Saints",
    "Buckland-Tout-Saints": "Buckland Tout Saints",
    "Bystock": "Withycombe Raleigh",
    "Castle Yard": "Exeter",
    "Cathedral Close": "Cathedral",
    "Chardstock": "Yarcombe",
    "Charles the Martyr": "Plymouth Charles The Martyr",
    "Charles The Martyr": "Plymouth Charles The Martyr",
    "Chelson Meadows": "Plymstock",
    "Churchshtow": "Churchstow",
    "Clyst Hidon": "Clyst Hydon",
    "Colbrooke": "Colebrooke",
    "Colompton": "Cullompton",
    "Combmartine": "Combe Martin",
    "Compton Gifford": "Plymouth Charles The Martyr",
    "Corneworthy": "Cornworthy",
    "Crecombe": "Creacombe",
    "Doddiscombleigh": "Doddiscombsleigh",
    "Down Saint Mary": "Down St Mary",
    "Dunstone In Yealmpton": "Yealmpton",
    "Eastdowne": "East Down",
    "Edbury Tithing": "Cruwys Morchard",
    "Exeter All Hallows Goldsmith St": "Exeter Allhallows Goldsmith St",
    "Exeter All Hallows Goldsmith St.": "Exeter Allhallows Goldsmith St",
    "Exeter All Hallows Goldsmith Street": "Exeter Allhallows Goldsmith St",
    "Exeter Allhallows Goldsmith St.": "Exeter Allhallows Goldsmith St",
    "Exeter All Hallows On The Walls": "Exeter Allhallows On The Wall",
    "Exeter St Thomas": "Exeter St Thomas The Apostle",
    "Ford": "Winkleigh",
    "Frithelstocke": "Frithelstock",
    "Galmpton In Churston Ferrers": "Churston Ferrers",
    "Hawkchurch": "Axminster",
    "Huyshe": "Huish",
    "Idford": "Ideford",
    "Kakebeare Hamlet": "Okehampton",
    "Kigbeare": "Okehampton",
    "Laira Green": "Plymouth Charles The Martyr",
    "Lewtrenchard": "Lew Trenchard",
    "Littleham (Bideford)": "Littleham",
    "Littleham (near Exmouth)": "Littleham (Near Exmouth)",
    "Littelham (near Exmouth)": "Littleham (Near Exmouth)",
    "Littleham (Near Exmouth)": "Littleham (Near Exmouth)",
    "Littelham (Near Exmouth)": "Littleham (Near Exmouth)",
    "Loosebeer Tithing": "Winkleigh",
    "Losebeer Tithing": "Winkleigh",
    "Loxbear": "Loxbeare",
    "Lundy Island": "Lundy",
    "Maristowe": "Marystowe",
    "Marystow": "Marystowe",
    "Milton Abbott": "Milton Abbot",
    "Milton Damarel": "Milton Damerel",
    "Milton Damerell": "Milton Damerel",
    "Monckeokehampton": "Monkokehampton",
    "Monk Okehampton": "Monkokehampton",
    "Morley": "Moreleigh",
    "Morthoe": "Mortehoe",
    "Nether Exe": "Netherexe",
    "Newton Tracy": "Newton Tracey",
    "Newton Tracye": "Newton Tracey",
    "Northlew": "North Lew",
    "Oxbeare": "Loxbeare",
    "Pancraswike": "Pancrasweek",
    "Parcel Of Sheave": "Shaugh Prior",
    "Paynton": "Paignton",
    "Petrockstow": "Petrockstowe",
    "Plymouth Charles": "Plymouth Charles The Martyr",
    "Plymouth St. Andrew": "Plymouth St Andrew",
    "Plympton Earls [C51] Plympton Maurice [T O6]": "Plympton St Maurice",
    "Plympton Mary": "Plympton St Mary",
    "Plympton Marye": "Plympton St Mary",
    "Plympton Morrice": "Plympton St Maurice",
    "Salcombe Regis Chilston": "Salcombe Regis",
    "Sampford Spyny": "Sampford Spiney",
    "Seaton": "Seaton And Beer",
    "Shaldon": "Shaldon (St Nicholas)",
    "Shaugh": "Shaugh Prior",
    "Shepewashe": "Sheepwash",
    "Sherwill": "Shirwell",
    "Shillingford": "Shillingford St George",
    "South Sydenham": "Sydenham Damerel",
    "Exeter Saint Edmund": "Exeter St Edmund",
    "St Edmund": "Exeter St Edmund",
    "St George The Martyr": "St George",
    "St Marychurch": "Torquay St Marychurch",
    "St Mary Church": "Torquay St Marychurch",
    "St Sidwell": "Exeter St Sidwell",
    "St Thomas The Apostle": "Exeter St Thomas The Apostle",
    "St Thomas": "Exeter St Thomas The Apostle",
    "St. Budeaux (Plymouth)": "St Budeaux",
    "Stekylpth Hamlet": "Sampford Courtenay",
    "Stoke Damarel": "Stoke Damerel",
    "Stonehouse": "East Stonehouse",
    "Sydbury": "Sidbury",
    "Tawstocke": "Tawstock",
    "Teignmouth East": "East Teignmouth",
    "Teignmouth West": "West Teignmouth",
    "Teignmouth": "West Teignmouth",
    "The Hamlet Of Cakebar (Kigbeare In Okehampton)": "Okehampton",
    "The Hamlytt Of Ye Same (Northcott)": "Boyton",
    "Northcott": "Boyton",
    "Thornebury": "Thornbury",
    "Tidcombe": "Tiverton",
    "Tiverton All Fours": "Tiverton",
    "Tiverton Clare": "Tiverton",
    "Tiverton Priors": "Tiverton",
	"Tormoham With Torquay [C51]": "Torquay St Marychurch",
    "Tormoham": "Torquay St Marychurch",
    "Torrington Magna": "Great Torrington",
    "Dartmouth Townstall": "Townstal",
    "Dartmouth Townstal": "Townstal",
    "Townstal In Dartmouth": "Townstal",
    "Townstall": "Townstal",
    "Twychen": "Twitchen",
    "Virginstowe": "Virginstow",
    "Weare Gifford": "Weare Giffard",
    "Weare Gifforde": "Weare Giffard",
    "Weston Peverel": "Pennycross",
    "Weston Peverell": "Pennycross",
    "Widdicombe": "Widecombe In The Moor",
    "Widecombe": "Widecombe In The Moor",
    "Willeworthy Hamlet": "Peter Tavy",
    "Willisworthy Tithing": "Peter Tavy",
    "Witheridge Hundred": "Bishops Nympton",
    "Wolborough With Newton Abbot [C51]": "Wolborough",
	"Blackborough": "Kentisbeare",
    "Sydmouth": "Sidmouth",
    "St Leonard": "Exeter St Leonard",
    "Weston Peverell Tithing": "Pennycross",
    "Compton Tithing": "Plymouth Charles The Martyr",
    "St Stephen": "Exeter St Stephen",
    "St David": "Exeter St David",
    "St Petrock": "Exeter St Petrock",
    "St Mary Arches": "Exeter St Mary Arches",
    "St Mary Major": "Exeter St Mary Major",
    "St Mary Steps": "Exeter St Mary Steps",
    "St Paul": "Exeter St Paul",
    "St Martin": "Exeter St Martin",
    "St Olave": "Exeter St Olave",
    "St Sidwell Tithing": "Exeter St Sidwell",
    "St Pancras": "Exeter St Pancras",
    "St Kerrian": "Exeter St Kerrian",
    "St George": "Exeter St George",
    "St John": "Exeter St John",
    "St Lawrence": "Exeter St Lawrence",
    "Bow Otherwise Nymet Tracey": "Bow",
    "Bickleigh": "Bickleigh (Near Tiverton)",
    "Holy Trinity": "Exeter Holy Trinity",
    "St Andrew": "Plymouth St Andrew",
    "Exeter Bradninch Precinct": "Bradninch",
    "Exeter Cathedral Close": "Exeter Cathedral",
    "Hegbeare": "Kigbeare",
    "Exeter St George The Martyr": "Exeter St George",
    "Okehampton Manor": "Okehampton",
    "Exeter Bedford Circus": "Exeter Bedford Precinct",
    "Newton Abbot": "Wolborough",
    "Netherton": "Combe Martin",
    "Netherton Tithing": "Combe Martin",
    "Bickleigh (Roborough)": "Roborough",
    "Churchstanton (To Somerset 1896)": "Churchstanton",
    "Boyton (Mostly Cornwall But Northcott = Devon)": "Boyton",
    "Thorncombe (To Dorset 1844)": "Thorncombe",
    "Dalwood (From Dorset 1844)": "Dalwood"

}