NAME,FORENAME,OCCPN/STATUS,PLACE,TYPE,YEAR,FOLIO,REGISTER
ADDINGTON,Christopher,,"Beddiford, Devon &",,,,
,,,City of London,,1555,F.32,More
AISSHFORD,William,Cl(er)k,Fenyton,,1502,22,Blamyr
ALDRYNGTON,Richard,Cl(er)k,Canon of Exeter; Aldrington (?Sussex),,1429,12,Luffenham
AMADAS,John,,"Tavistock, Devon; Cornwall",,,,
AMEREDETH,Griffith,,"St Peter, Exeter",,1558,70,Noodes
ANDROW,Matthew,,Topsham,,1487,4,Milles
ANDREWE,John,the elder,Honyton,,1505,40,Holgrave
ANDREWE,Thomas,,"St Mary Arches, Exeter",,1517,30,Holder
,,,,codicil,1529,14,Jankyn
ANDREWE,William,,Bury Pomeray,,1512,25,Feliplace
ANDRO (?ANDREWES),John,the elder,Gt Torryngton,,1545,2,Alen
ANGER,John,,Dyttisham,,1512,8,Feliplace
ANTONYE,John,,Dartemowthe - at sea,,1552,F.22,Powell
ApJANKYNE,Ja(me)s,,"Sampford Peverell; Crist Church, London;",,1529,8,Jankyn
,,,Stondlok,,,,
,,,(?Oxford),,,,
ApPRYCE,John,,Tyverton,,1558,71,Noodes
ARCHER,John,,diocese of Exeter;,,1493,29,?Doggett
,,,"Alfryston, Sussex",,,,
ARSCOTTE,John,gent,"Tetcote, Devon; Cornwall;",,1557,F.2,Noodes
,,,"Chauncery Lane, London",,,,
ARUNDELL,John,,"Bishop of Exeter; St Clement Danes, London",,1504,14,Holgrave
ARUNDELL,Sir Thomas,knt,Devon;Cornwall;Gloucester,,1489,29,Milles
ASCOIGH,Robert,clerk,Archdeacon & Canon of Exeter,,1482,6,Logge
ASSHETON,Edward,,Bow alias Nymet Tracy;,,1537,13,Dyngeley
,,,"Wolkomstede, Surrey",,,,
ATKYNSON,Thomas,,"Exeter; St Bryde, London;",,1510,28,Bennett
ATTEWOOD,Richard,,"Sheepwash; St Bride, London",,1459,18,Stokton
AT RODE,Alice,,Sampford Peverell,,1457,10,Stokton
AUSTELL,Thomas (Mr),cl(er)k,"Exeter Cathedral; Wells, Somerset;",,1515,8,Holder
,,,"St Probus, Cornwall",,,,
BAGGE,James,clerk,Asshprynton Wodeleigh,,1495,21,Vox
,,,Ashpringon,,,,
BAGGE,James,gent,Bruckland Buckland,,1557,F.10,Wrastley
BAGWELL,John,,Collaton (St Andrew),,1521,16,Maynwaryng
,,,Colyton,,,,
BAKER,Edward,,"Teverton, Devon;",,1504,20,Holgrave
,,,"Cheryngham, Norfolk",,,,
BAKER,John,theolog.doctor,Otterie St Mary,,1521,15,Maynwaryng
BALSTONE,Thomas,,"Hawkechurch, Dorset",,1553,F.10,Tashe
BAMPFELDE,Edward,,Poltemor Poltimore,,1528,F.35,Porch
BARNEHOUSE,John,esquyre,Marshe,,1548,25,Populwell
,,,?Marsh Green @ Rockbeare,,,,
BARNEHOUSE,Nicholas,,Devon; Bristol; Somerset,,1553,F.15,Tashe
BARTLETT,Henry,,Wolburgh Wolborough,,1526,11,Porch
BARTLETT see,,,,,,,
BERTLETT,,,,,,,
BASSETT,James,esquier,Torrington; London,,1558,F.19,Welles
BATH. Lord,,,,,,,
see BOURGHCHIER,,,,,,,
BEAMOUNT,Harrye,esquier,Gittisham,,1548,F.6,Populwell
BEAMOUNT,Thomas,esquier,Pilton,,1489,29,Milles
BECANSAWE,Robert,clerk,"Chagford, Devon; Stoke by Claire,",,1525,F.3,Porch
,,,"Suffolk; Croston, Lancs; Bradwell",,,,
,,,"juste mare, Essex",,,,
BEDNEY,John,,Tapsam Topsham,,1537,6,Crumwell
BEK,John,,Kyrton Crediton,,1412,25,Marche
BELDE,John,clerk,Parkeham,,1545,F.44,Pynnyng
BERE [Beer],Thomas,,Kyniswere Kingswear,,1518,16,Ayloffe
BEREMAN,William,,"St George, Exeter",,1549,30,Populwell
BERTLET,John,,Torremone Tor-Mohun,,1517,31,Holder
BERY,John,,Chitelhampton,,1514,31,Fetiplace
BERYE,Anthony,gent,Combmartin,,1555,F.40,More
BEWERY (?),John,,Grete Tottnes,,1516,F.24,Holder
BICKUMB,,,,,,,
see BYKKUMB,,,,,,,
BICKUMB,Roger,,Cleyhidon,,1494,12,Vox
BIDWELL,,,,,,,
see BYDWELL,,,,,,,
BIRDE,,,,,,,
see BYRDE,,,,,,,
BIRWOOD,Roger,,Alvingdon Alfington,,1558,F.2,Welles
BLACKALL,Roger,,Exeter; Lytle Hempston,,1541,28,Alenger
BLACKOLOR,John,the elder,Tottnes,,1550,17,Coode
[BLACKALLER],,,,,,,
BLENKYNSOP,Mr Gawen,D.D.,"Lymster Lympstone; Pembroke College,",,1489,32,Milles
,,,Cambridge,,,,
BOKELAND,Richard,squyer,"St Mary Ottery; St Paul, All Hallowen,",,1436,21,Luffenam
,,,"the More London; Ochecot, Northampton",,,,
BODLEY,John,,"St Stevyn, Exeter",,1527,24,Porch
BODELERCH,Richard,,Tyverton,,1493,10,Vox
[BODELEGH],,,,,,,
BOGAN see BOUGGAN,,,,,,,
BOND,Thomas,,"St Pancrasse, Exeter;",,1503,24,Blamyr
,,,"Galisia, Spain",,,,
BONDE,John,,Crediton,,1550,F.19,Coode
BONFESSOR,Andrewe,,Kingesbridge,,1551,F.21,Bucke
BONVILLE,lady Cecill,Marquess Harrington,Devon; Cornwall; Sussex;,,1530,22,Jankyn
,,Bonvill; wife of,"Ashley, Warwick",,,,
,,Marquess Dorset; &,,,,,
,,after erle of Wilshere,,,,,
BONVYLE,John,esquire,Shute,,1495,21,Vox
BONVYLE,Kateryn,,"Devon; Somerset; Boxgrove,Sussex",,1498,20,Horne
BOUGGAN,John,,Totnes,,1551,27,Bucke
BOURCHIER,Sir John,"knt, Lord Fitzwarren","Baunton, Devon; Somerset",,1541,30,Alenger
,,(and Bath),Bampton,,,,
BOURGHIER,Fulk,Lord Fitzwareyn,"Baunton, Devon; Pts",,1480,1,Logge
BOURGHIER,Katherine,Lady Fitzwarynn,West Worlington,,1467,32,Godyn
formerly STUCLE,,,,,,,
BOWDICHE,John,gent,"Membury; Chardestocke, Dorset",,1558,F.4,Welles
BOWREMAN,Andrewe,,Combary (Parish of Hemyock),,1548,F.15,Populwell
BOWREMAN,James,,Hemyock; Somerset,,1547,33,Alen
BOWRING,Robert,gent,Alvington Alfington,,1514,33,Feltiplace
BRAGE,John,,Thornecombe,,1552,F.1,Tashe
BRAGE,Rychard,,Thornecombe,,1530,17,Jankyn
BRAGE,Thomas,,Thornecombe,,1558,78,Noodes
,,,,,,,
BRANTYNGHAM,Thomas,,"bishop of Exeter; Brantyngham, Yorks",,1394,4,Rous
BRERETON De,Hamond,cl(er)k,Merewood (Marwood),,1403,5,Marche
,,,"Austin Friars, St Botulph,",,,,
,,,"Bishopsgate, London",,,,
BRERWOOD,Thomas,clerk,archdeacon of Exeter; Barnstaple,,1544,F.23,Pynnyng
BRIGEMAN,John,,"St Mary Mychell, Exeter",,1523,17,Bodfelde
,,,St Mary Major,,,,
BROKE,Thomas,,"Thornecombe; Chard, Somerset",,1417,40,Marche
BROME,Nicholas,,Upawtery Upottery,,1552,F.24,Powell
BROOK,Sir Thomas,"knt, Lord of Cobham",Thorncombe; Kent,,?1440,28,Luffenham
BROUGHTON,John,,Devon; Bucks; Bedford; Leicester;,,1489,18,Milles
,,,Oxford; Norfolk; Suffulk; Cornwall,,,,
BROWNE,John,,Litilham Littleham,,1523,10,Bodfelde
BROWNE,John,,"Cradock, par of Uffculme",,1535,F.31,Hoger
BROWNE,Robert,,Clayhidon,,1511,1,Fetiplace
BROWNE als SHERMAN,Robert,,"St Peter, Exeter",,1513,14,Fetiplace
BROWNE,Thomas,,Mortho Morthoe,,1507,22,Adeane
BRUSERD,Andrew,,Bryxham,,1521,17,Maynwaryng
BRYAN see CROCKER,,,,,,,
BRYGON,John,,"Cowykstrete, Exeter; Welynton, Somerset",,1434,22,Luffenham
,,,"Cowick, par. St Thomas Apostle, Exeter",,,,
BRYTNALL,John,,"St Petrock, Exeter",,1551,5,Powell
BUCKLAND see BOKELAND,,,,,,,
BULLER (?),Richard,esq,Devon; Cornwall; died in London,,1556,F.6,Ketchyn
BULLOK,William,,Plympton [St Mary],,1513,24,Fetiplace
BULWYKE,Philip,,St Petrock [?Exeter],,1501,19,Moone
BURGOYNE,George,,"Seale, par South Tawton",,1558,63,Noodes
BUTLER,Sir Thomas,"knt, Erle of Ormonde","Devon; St Thomas of Acon, London;",,1515,8,Holder
[ORMOND in will],,,Essex,,,,
BUTSIDE,Thomas,gent,"Plymouth; St Vedast & Grey Friars,London",,1497,13,Horne
BUTTELER,John,,"Holy Trinity, Exeter",,1509,19,Bennett
BYDWELL,Joane,,Shoggbroke Shobrooke,,1537,9,Dyngeley
BYKKUMB,Dionis,,Cleyhidon,,1494,12,Vox
BYRDE,John,,Colyton,,1558,F.23,Noodes
CADE,Harrye,,Barnstaple,,1554,20,More
CALARDE,Rycharde,esq,"Tavestocke; Islyngton, Middx;",,1544,F.14,Pynnyng
,,,"St Vedaste, London",,,,
CALWOODLEY,Humfrey,esq,"Devon; White Friars, London; Somerset",,1521,16,Maynwaring
CANTELOPE,Richard,"Lord Zouche,",South Molton;,,1552,F.33,Powell
,,Seymour &,on filed will is act of probate in,August 8th,1552,,
,,,Consist. Court of Bath & Wells @,,,,
CAREW,Sir William,knt,"Devon; Bury Seynt Edmund, Suffolk",,1501,11,Moone
CARPENTER,Joan,,Colyton,,1519,17,Ayloffe
CARPYNTER,Ralph,,Coliton,,1514,4,Holder
CARSLEIGH,Peter,clerk,canon of Exeter,,1535,F.31,Hogen
CARSWELL,Symon,,Plymouth,,1508,6,Bennett
CASWELL,Thomas,,Gt Totton Totnes,,1507,26,Adeane
CATERALL,Sir Lawrence,cl(er)k,"Talayton, Devon; Pawles, London;",,1519,16,Ayloffe
,,,"Garthstanq, Lancs",,,,
CHALCUM,Thomas,gent,"Devon; St Mighell in the querne,",,1533,5,Hogen
,,,London,,,,
CHALMORE (?),John,,"St Pancras, Exeter",,1514,F.5,Holder
CHAMBER,John,clerke,"Devon; Somerset; Mersham, Kent;",,1549,F.36,Populwell
,,,"St Stephen, Westminster",,,,
CHAMPERNOUN,John,esquire,Beer Ferris,,1475,23,Wattys
CHAMPERNOUN,Sir Philip,knt,Modburie,,1545,F.3,Alen
CHAMPERNOUN,William,esquire,Modbury,,1464,7,Godyn
CHAPMAN,William,,"Toryngton Torrington; Haringey, Middx;",,1446,30,Luffenham
,,,"St Dunstan le west, London",,,,
CHARD,Thomas,bysshope,"of Solubrie, St Gorran, Cornwall; Taunton, Som.",,1544,71,Pynnyng
,,"St Mary Oterey, etc",,,,,
CHASE,John,,Axmyster Axminster,,1558,F.23,Noodes
CHAUNRTELL,Nicholas,clk,Axmestre Axminster,,1534,F.18,Hogen
,,,"Hawkechurche etc., Dorset",,,,
CHAUNTRELL,John,,"Baunton Arundel, Devon; London Bampton",de bonis non grant,1547,F.46,Alen
CHOLMS,Thomas,,Columpton,,1557,25,Wrastley
CHUSELDEN,John,esquire,Holcombe Regis,,1420,48,Marche
CLARKE,Richarde,,Musberye,,1552,F.24,Powell
CLARKE,William,,"Dartmor; Salteashe, Cornwall",,1507,32,Adeane
,,,,Another grant,,36,Adeane
CLEGGE,John,,"Membury (St Laurence), Dioces of Bristol",,1558,F.16,Noodes
COCKES,William,,"Axmyster; St Paul, Cornwall",,1523,5,Bodfelde
COCKISHEDDE,William,,Chulmeigh,,1528,3,Jankyn
or COKKYSHED,,,,,,,
COCKISHEDDE,William,,"Colyton; St Mary Magdalene,",This grant revoked,1543,F.28,Spert
or COCKYSSHED,,,"Milke Strete, London",& another will pvd,1544,19,Pynnyng
COFFYN,Richard,esquier,Heatoun Punchardon,,1523,5,Bodfelde
COFFYN,Sir William,knt,"Devon; Bakewell, Somerset",,1539,27,Dyngeley
COLCOTT,John,,Newton Abbat,,1529,9,Jankyn
COLLE,Water,,Tiverton,,1546,27,Alen
COLPREST,Thomas,,Gidesham Gittisham,,1498,21,Horne
COLSHILL,Elizabeth,,Exeter Cathedral;,,1519,17,Ayloffe
formerly SPEKE,,,"Whyte Lakyngton, Somerset",,,,
COLSHILL,John,,"(St Petrock), Exeter; Cornwall",,1495,26,Vox
COLSHILL,John,,"Friars Preachers, Exeter Black Friars",,1518,11,Ayloffe
COLVERCOCK,Gregory,,Bryksam Brixham,,1522,3,Bodfelde
COOKE,Robert,clerk,Crediton,,1508,8,Bennett
COOLE,John,,Grete Totenesse (Totnes);,,1491,40,Milles
,,,"St Laurence olde Jury, London",,,,
COOLINS,Arnulph,clerk,canon of Exeter,,1490,34,Milles
COPLESTON,John,esquire,Colbroke,,1459,18,Stokton
COPLESTON,John,esquire,Copelston (in parish of Colebrooke),,1550,F.24,Coode
COPLEY,John,,Shut(e),,1511,2,Fetiplace
COPPYN/COPPEN,Thomas,,"Dartmouthe; St Dustan in the West,",,1556,F.11,Ketchyn
,,,London,,,,
CORIM,William,esquire,Thornbury; Cornwall,,1491,45,Milles
,,,,another will unpvd,1491,F.41,
CORYNGTON,John,cl(er)k,canon residuary of Exeter,,1495,23,Vox
COSBY,Agnes,,Dertmowth,,1515,6,Holder
formerly DYMMOCKE,,,,,,,
COSBY,William,,Dartmouth,,1502,22,Blamyr
COTTERELL,Jane,,"Asshbrenton Ashburton ; Howe, Dorset",,1548,10,Popuwell
formerly TUBERVYLDE,,,,,,,
and PREDYCE,,,,,,,
COURTENAY,Edward,erle of Devonshire,Teverton,,1509,15,Bennett
COURTENAY,Lady Gertrude,,"Marquess of Exeter, Diocese of Bristol",,1557,1,Noodes
COURTENAY,Jane,,Dartmouth,,1508,5,Bennett
COURTENAY,Margaret,countess of Devensher,Exeter Cathedral,,1391,2,Rous
COURTENAY,Dame Mawte,,"monastry of St Nicholas, Exeter",,1467,21,Godyn
COURTENAY,Phillipp,esquire,Mollande,,1547,2,Populwell
COURTENAY,Pieres,esquyer,Dertmouth; Cornwall,,1508,5,Bennett
COURTENAY,Sir William,knight,Poudram (Powderham); Dorset,,1512,21,Fetiplace
COURTENAY,Sir William,knighte,Powdram etc,,1541,F.29,Alenger
COURTENAY,Sir William,knight,Devon; died in P(ar)ts),filed will with cancelled,,,
,,,,probate act dated Nov 16,,,
,,,,"""comiss' est comiss' ad",,,
,,,,"colligend"" in act book",,,
,,,,"""vacat quid non emana vit""",,,
CREDY,John,squyer,Devon; Surrey; Somerset; St John Zacharie,,1426,6,Luffenham
,,,"London, Middx",,,,
CRISPYN,Richard,clerke,"Herberton etc, Devon; died in Tower of London",,1551,F.36,Bucke
CROCKER,John,esquier,Lynham (in parish of Yealmpton),,1521,20,Maynwaryng
CROCKER als BRYAN,Richard,gent,"diocese of Exeter; Lincolns Inn, London",,1532,15,Thrower
CROME,John,,Uplyme,,1499,34,Horne
CROTT,Roger,,Greate Totnes,,1557,46,Wrasley
CRUGE,John,,Kyllerton etc (in parish of Broadclyst);,,,,
,,,"St Maddren, Cornwall; dioc. Of London",,1534,12,Hogen
CRUGGE,William,,cathedral of Exeter,,1520,26,Ayloffe
DANASTER,John,,"Exeter; Chabham, Surrey",,1504,5,Holgrave
DASSELL,Richard,,Collyton,,1556,8,Ketchyn
DAUBNEY,Giles,"knight, Lord Daubney",Devon; Cornwall;etc,,1509,16,Bennett
DAVIES,Richard,,Exeter?,,1521,13,Maynwaryng
DESOULEMONT,Thomas,,Canonleigh (in parish of Burlescombe),,1541,33,Alenger
DENHAM/DYNHAM,Jane,,Exeter; Nutwell in parish of Woodbury,,1497,10,Horne
DENHAM,Sir John,Lord Denham,Hertland,,1509,14,Bennett
DENYE,Harrye,esquier,Devon; Cornwall,,1553,25,Tashe
DESOULEMENT,Thomas,,Canonleigh (in parish of Burlescombe),,1541,33,Alenger
DEYMAN,John,,Tiverton,,1543,2,Pynnyng
DEYMAN,John,,Wydworthye,,1551,F.11,Bucke
DILLON/DYLLONDE,Ellen,,Wynkelegh Bratton Fleming,,1530,16,Jankyn
formerly KAYNES,,,,,,,
DILLON,Nicholas,,Chymwell (parish of Bratton Fleming),,1517,4,Ayloffe
DONNE/DON/DUN,John,,Tyverton,,1545,F.3,Alen
DONNYNE,William,,"Chardstocke, Dorset",,1557,9,Noodes
DOTTYNGE,Henry,,Tottnes,,1541,1,Spert
DOTYN,William,,Herberton Harberton,,1514,F.33,Fetiplace
DOWNE,John,,Kenton; Sarum,,1529,9,Jankyn
DOWNEMAN als SLADE,Ollyver,,Southmolton,,1558,F.18,Noodes
DRAKE,John,,"St Petrocke, Exeter",,1554,20,More
DYGON,William,clerk,Vplyme Uplyme,,1466,15,Godyn
DYMMOCKE,Agnes,,Dertmowth Dartmouth,,1515,6,Holder
formerly COSBY,,,,,,,
EGGECOMBE,Sir Pers,knyght,Plymouthe; Cornwall,,1539,30,Dyngeley
ENDERBY,Water,esquyer,"Pollymore; St Mich. Quene Hithe, London",,1495,21,Vox
,,,Poltimore,,,,
ENGLISHE/ENGLYSSE,John,,Tottenes,,1551,F.23,Bucke
,,,,de bonis non grant,1572,April,
,,,,sentence,1574,46,Martyn
,,,,de bonis non grant,1584,November,
ESTMONDE,William,gent,"Chardestocke, Dorset",,1558,F.1,Welles
ESTMONT,John,,"Chardestocke, Dorset",,1531,13,Thrower
ESTON,John,,Morchard Epi. Morchard Bishop,,1505,33,Holgrave
ESTON,William,,"Morchard (Bishop) ; St Mary, Sarum",,1485,14,Logge
EXETER see COURTENAY,,,,,,,
FAVELL,Richard,,diocese of Exeter;,,1556,F.6,Ketchyn
FERRERS,Martin,,"Totenes Totnes; St And. Holbourne, London",,1503,25,Blamyr
FEYRMAN,Henry,clerk,Saint Mary Ottrye Ottery St Mary,,1526,17,Porch
FITZ,Walter,gent,Tavystock,,1505,32,Holgrave
FITZPAYN/FYTZPAYN,John,,"Coplestone, in parish of Colebrooke",,1432,16,Luffenam
FLODE/FLOOD,John,,"Topsham; St Peter, Carmarthen",,1536,37,Hogen
FORDE,Edward,,Plymtre,,1558,68,Noodes
FORDE,John,thelder,"Assheberton, etc.",,1538,11,Crumwell
,,,,with sentence,1542,8,Spert
,,,,two other sentences,,30,Spert
FORTESCU,Lewes,,Fallaprytt Fallapritt House,,1545,38,Pynnyng
,,,East Allington,,,,
FORTESCU,Nicholas,,"Spredeliston, (in parish of Brixton)",,1550,20,Coode
FORTESCU,Thomas,esquier,Modebury; Somerset,,1556,27,Ketchyn
FORTESCUE,William,,Ermynton,,1521,20,Maynwarying
FOWELL,William,LLB,Exmestir (Exminster) - buried Oxford,,1496,8,Horne
FRANKELYN,Olyver,esquyer,"Clyst Seynt Mary; Ware, Herts",,1551,26,Bucke
FREMAN,Richard,squyer,"Columtowne; St Edmund, Sarum",,1504,20,Holgrave
,,,Cullompton,,,,
FRENCHE,Robert,,Musbury,,1550,F.19,Coode
FROSTE,William,,"St Mary Arches, Exeter",,1509,17,Bennett
FRYE,John,,Axmister,,1516,F.16,Holder
FULFORDE,Sir John,knyght,Fulforde (par Crediton & Shobrooke),,1546,F.10,Alen
FULFORDE,William,cl(er)k,archdeacon of Barum Barnstaple,,1475,26,Wattys
,,,& canon of Exeter,,,,
FULLER,Robert,,Plymouth,,1457,12,Stokton
GALE,Gylbert,,Kerton Crediton,,1552,F.22,Powell
GALE or GALL,Thomas,,Kyngeswere,,1557,52,Wrasley
,,,,sentence confirming will,1560,52,Mellershe
GAY,George,,"Devon: Somerset; St Bride, London",,1505,42,Holgrave
GEFFERY,William,,Tawstock (Tavistock); London; &,,1504,27,Holgrave
,,,"Landyle (?Landyo), Glamorgan",,,,
GELE,John,doctor of decrees,Hurberton Harberton,,1457,8,Stokton
GELLERD or GILLARDE,Benett,,Dertemouth Dartmouth,,1529,5,Jankyn
GIBBONS/GYBBONS,John,chancellor of Exeter,"Chard, Somerset; St Newlyn, Cornwall",,1537,14,Dyngeley
GIBBS/GYBBS,William,,"Hawkechurche, Dorset",,1557,39,Wrastley
GILBERT/GYLBERT,John,,Marledon,,1539,29,Dyngeley
GILBERT,Otys,,Merldon,,1494,11,Vox
GILBERT/GYLBERT,Otis,esquier,Compton (Marldon); Cornwall; Wilts,,1547,38,Alen
GILES/GYLES,John,,Devon,,1552,3,Taske
GILES,William,esquier,Bowdon (Coleridge Hundred),,1556,5,Wrastley
GLOSSE,Thomas,,Baunton Bampton,,1554,F.9,More
GOBBIE,John,,Highweeke,,1550,12,Coode
GODARD,John,,Hyden (Clayhidon),,1504,24,Holgrave
GODDE,William,clerk,cathedral of Exeter,,1483,7,Logge
GODDSLONDE,John,,Bar(n)staple; Sarum,,1546,13,Alen
GODDESLONDE,Thomasyn,,Bar(n)staple,,1546,15,Alen
formerly (-------),,,,,,,
GODYNG,Jamys,cl(er)k,"E(a)st Bucklond, etc; Leygh, Essex;",,1517,34,Holder
,,,"Augustyn Friers, London",,,,
GOOLD als TANNER,John,,Colyton,,1545,F.5,Alen
GRAYNFELD,Sir Richard,knight,"Devon; Stowe, Cornwall",,1550,F.25,Coode
GRAYNFELD,Sir Thomas,knight,Bedyford Bideford,,1514,32,Fetiplace
GRENEWAY,John,,Tiverton - died in London,,1530,2,Thower
GRENWEY,Joan,,Tiverton,,1539,F 28,Dyngeley
GREY,William,clerk,Teynton (?Talaton); archdeacon of Berks;,,1521,22,Maynwaryng
,,,"Gyllingham etc., Dorset; Moreton, Glos;",,,,
,,,"Remesbury, Wilts",,,,
GROPALL,John,,Exeter,,1554,F.10,More
,,,,a cessate grant July,1564,,
GROUERS,Mariote,,Yardecumbe Yarcombe,Administration,1401,2,Marche
HACKWYLL,Geoffry,,Great Totton Totnes,,1510,30,Bennett
HALLEWELL,Sir John,knyght,Bygbury,,1500,10,Moone
HALYGHWELL,Lady Margery,,Madbur; London; Essex Modbury,,1498,23,Horne
HALIGHWILL,Richard,esquire,Southpole South Pool,,1508,8,Bennett
HALS,Richarde,esquyer,Kenadon (par. of Sherford),,1550,9,Coode
HALSWILL,Nicholas,priest M.D.,"Uffculme; Friairs preachers, London",,1528,36,Porch
HAMLYN,Henry,,"St George, Exeter",,1550,14,Coode
HAMLYN,Nicholas,,"St Olave, Exeter",,1504,21,Holgrave
HAMLYN,Thomas,,Toteneys; Guersney Totnes,,1527,24,Porch
HARLEWYN,Benet,,"Devon; St Christopher etc., London; Essex",,1460,20,Stokton
HARRINGTON,Lady Cecill,,,,,,
see BONVILLE,,,,,,,
HARRYNGTON,Sir John,knight,Devon; Cornwall; Somerset;,,1418,41,Marche
,,,"Aldyngham, Lancashire",,,,
HARRIES,Thomas,,"Exeter, Berynerber; Berrynorber",,1541,F.32,Alenger
,,,"Launceston, Cornwall",,,,
HARTE,John,,Bovytracy,,1520,26,Ayloffe
HARTE,John,,Axmyster iAxminster,,1552,27,Powell
HART/HERT,William,,Grete Totenese Totnes,,1489,20,Milles
HARRYS,Fraunceys,esquyer,Plymstoke,,1508,11,Bennett
HARRYS,John,sergeant at law,"Stofford, Cornwall Stowford",,1551,29,Bucke
HACCHE,Thomas,,Northaller (?Northam),,1554,31,Taske
HATCHE or HACCHE,Anne,,Southmolton,,1558,F.60,Noodes
HAWKE,Thomas,,"Tavestocke; St Nicholas Acon, London",,1548,24,Populwell
HAYDON,John,,"Chardstock, Dorset",,1551,29,Bucke
HAYDON,George,esquire,Farreware Farway,,1558,F.17,Welles
HAYDON,Mathew,,"Devon; St Margaret Lothburye, London",,1554,2,More
HAYDON,Richard,gent,Wodbury Woodbury,,1533,9,Hogen
HE(A)LE,Walter,clerk,"Harford, Ipplepen",,1558,F.21,Noodes
HEMBERY,John,clerk;doctor of decrees,"Axmynster; Hawkechurch, Dorset",,1491,1,Dogett
HENGESCOTT,Trystam,,?Exeter,,1538,12,Crumwell
HEWE,John,theyounger,Honyton,,1515,13,Holder
HEWET,Richard,,"St Lawrence, Exeter",,1519,23,Ayloffe
HEYNES,Simon,clerke,"dean of Exeter; Windesore, Berks;Westminster",,1552,29,Powell
,,,"Fulham, Middx; Myldenhale, Suffolk;",,,,
HILL,Henry,,Cheltelhampton Chittlehampton,,1530,F.19,Jankyn
HILL,Hugh,,"Wynfford, Somerset OR Devon",,1555,30,More
HILL,Symeon,,Okeford Oakford,,1503,30,Blamyr
HILLE,Nicholas,,"Membury ""non valet""",,1435,19,Luffenham
HILLARY,John,,Wodworth (?Widworthy),,1504,22,Holgrave
HOKER,Roberte,,"St Mary the More, Exeter",,1538,10,Crumwell
,,,St Mary Major,de bonis non grant,1539,16,Crumwell
HOKMOR,William,,Totneys,,1543,18,Spert
HOLBEME,John,,Holberme (parish of East Ogwell),,1549,F.43,Populwell
,,,,sentence,1553,15,Taske
HOLLAND,Anne,duchesse of Excester,"(Exeter); St Katerine beside the towre, London",,1458,11,Stokton
HOLLAND,Richard,,"Dertmouth Dartmouth; Fallegh, Hants",,1506,14,Adeane
HOLLONDE,Robert,,Dartmouth,,1512,10,Fetiplace
HOLOND,Roger,,"Cowyck Cowick, St Thomas Apostle,",,1506,17,Adeane
,,,Exeter,,,,
HOLLOWAY,John,esquire,Watton (in parish of Stoke Gabriel),,1537,6,Crumwell
HOLMORE,John,the younger,"St Stephen, Exeter",,1546,16,Alen
HOLWELL,James,,Baunton Bampton,,1495,21,Vox
HOLWELL,John,,Teverton,,1520,6,Maynwaryng
HOONE,Robert,,Otrey St Mary,,1543,26,Spert
HOPTON,David,clerk,Archdeacon of Exeter,,1492,8,Dogett
HORNBY,Henry,clerk,"Holdesworthy Holsworthy; St Peter's College,",,1517,6,Ayloffe
,,,"Cambridge; Wymbourn mynster, Dorset;",,,,
,,,"Tateshale etc., Lincoln; Nassington, Northants",,,,
HORSEY,Johan,,Kenton,,1558,F.22,Noodes
HORSSEY,William,clerk,"residensary of Exeter, prebendary of",,1543,25,Spert
,,,London; prebendary of Lincoln;,,,,
,,,Somerset; Dorset,,,,
HOWELL als TROWBRIGGE,Edward,cl(er)k,"Dartingdon; Aishebrittell, Somerset",,1529,8,Jankyn
HOWPER,Tristram,,Musburye,,1545,F.43,Pynnyng
HUDDESFELD,Sir William,knyght,Dyttysham,,1499,37,Horne
HUDDESFELD,Dame Kateryn,,"Graye Friars, Exeter; Bradeforde, Wilts;",,1514,4,Holder
formerly ROGERS,,,"Britporte, Dorset",,,,
HUGHE,John,,Branscombe,,1522,29,Maynwaryng
HULLE,Sir John,knight,"St John the Baptist, Exeter",,1408,17,Marche
HULL,Henry,esquire,Wydeworthy,,1491,44,Milles
HULL,Joane,,"Larkebeare, near Honiton",,1557,11,Noodes
HULL,John,esquire,Larckbeare near Honiton,,1549,39,Populwell
HUNDEN,William,clerk,archdeacon of Totnes; preb of Lincoln;,,1416,33,Marche
,,,"archdeacon of Rochester, Kent; Suffolk",,,,
HUNGERFORD,Robert,knight lord,Devon; Cornwall;Dorset;,,1459,17,Stokton
,,,"Heylesbury, Wilts",,,,
HUNTE,Thomas,,Southmolton,,1496,12,Horne
HUNTE,Thomas,,"St Petrocke, Exeter",,1548,11,Populwell
,,,,cessate grant,1550,,
,,,,de bonis non grant,1559,,
HUNTINGDON,William,,"St Petrock, Exeter",,1509,15,Bennett
HURSTE,John,,Exeter,,1552,F.3,Taske
HUSSEY,Sir Robert,knyght,Devon; Essex; Somerset; Suffolk;,,1546,16,Alen
,,,"Lynwoodd, Lioncoln; Berks; Cornwall",,,,
HYETTE,Sir John,clerk,"St Peter, Exeter",,1499,34,Horne
HYNDESTON,William,,Kyngeston [?Devon} Kingston,,1458,12,Stokton
JAUNCELYN,Thomas,,Teverton,,1524,F.28,Bodfelde
JENKYN see ap JANKYNG,,,,,,,
JESSE,Thomas,,Exeter,,1558,F.23,Noodes
KAYL,Ralph,esquire,"St Wynnocus, Exeter; Cornwall;",,1419,46,Marche
,,,"St Sepuchre, London",,,,
KAYLEWAY,John,,Columpton,,1531,3,Thower
KELLY,Thomas,,"St Petrocus, ?Exeter (St Petrock)",,1457,11,Stokton
KEMP,John,,(East) Budlegh,,1418,41,Marche
KEYLY,John,,"Devon; Somerset; Develysh, Dorset",,1509,26,Bennett
KEYNES,Edmund,,Wynkelegh,,1455,3,Stokton
KNOLLYNGE,John,,Mylton,,1550,8,Coode
KNIGHT,Richard,,Membrye,,1558,F.23,Noodes
KYNSEY,Roger,gent,"Exeter; Wynsham, Somerset",,1552,13,Powell
KYRKBY,Thomas,clerk,treasurer of Exeter Cathedral,,1476,29,Wattys
KYRKE,Gilbert,,Exeter; Lympston,,1546,F.6,Alen
KYRTON,John,,Ugborrow Ugborough,,1503,31,Blamyr
LAGWORTHY,John,the elder,"Hattyshell, Wydecombe",,1510,29,Bennett
,,,(parish of Widecombe in the Moor),,,,
LAKE,John,,"Dodbroke etc; St Antolyn, London",,1522,27,Maynwaryng
LAKE,Sir Richard,clerk,"Rokeber Rockbeare; Catstock,Dorset",,1474,14,Wattye
,,,"Breredyne, I of W.",,,,
LANE,John,,Colompton,,1529,4,Jankyn
LANE,John,,Brodhemberie,,1558,F.19,Welles
LANGEFORD,Sir William,knight,Mountkecamton Monkokehampton;,,1411,24,Marche
,,,"Bradfield, Berks; Chale, Isle of Wight",,,,
LANGLEY,John,,Sheppewash Sheepwash,,1459,18,Stokton
,,,"Sudington St Peter, Glos.",,,,
LAWTON,John,priste,"Ashebury, Berks or ?Devon",,1536,4 & 5,Crumwell
LEE see LEGH,,,,,,,
LEGH,Thomas,,Southmolton,,1527,24,Porch
LEGGE,Robert,,Grete Totton Totnes,,1508,7,Bennett
LEY,John,,"Chardstocke, Dorset",,1521,15,Maynwaryng
LIBBE,Richard,,Tavestocke,,1504,21,Holgrave
LIBBE see LYBBE,,,,,,,
LILL,John,clercke,"Plymtree; Stratton, Cornwall",,1553,25,Tashe
LOCKE,Richard,,Yarcombe,,1550,15,Coode
LOVELL,Elizabeth,,Slapton,,1437,22,Luffenam
LOWDE,John,thelder,Coliton,,1558,51,Noodes
LOWDE,John,,"Baltshaye, Devon",,1558,64,Noodes
LYBBE,Richard,,"Tavestocke; Englefeld, Berks",,1527,28,Porch
LYE (or ?LEE),Thomas,,Aylesbeare,,1558,F.27,Noodes
LYSLEY,Lady Mary,,"Devon; Thurxston, Hants",,1524,F.27,Bodfeld
MACHANT,John,,Laurence Clyst Clyst St Lawrence,,1551,29,Bucke
MADDEIS,Thomas,clerk,"Crediton; Chardstocke, Dorset;",,1501,10,Moone
,,,"Wrotham, Kent; Hatfield ---",,,,
MALET,Baldewyn,esquire,"Devon; Westcontokyshed, Somerset;Dorset",,1533,4,Hogan
MANCHESTER,Richard,clerke,"Canon of Exeter; Savoye, London;",,1542,F.4,Spert
,,,"Westrok, Essex; Dry Drayton, Cambs.",,,,
MARCER,Katheryne,,Ottery Sainet Marye,,1537,8,Crumwell
MARCER,Richard,,Ottery Sainte Marye,,1537,8,Crumwell
MARTYN,Thomas,clerk,"Pylton; parson of Norton (Fitzwarren, Somerset)",,1510,30,Bennett
MAULEVERE,George,,Aichewater Ashwater,,1495,23,Vox
MAYHOWE,Phillipp,,"Trinitie parish, Exeter Holy Trinity",,1551,F.20,Bucke
MAYHOWE,Richard,,Tavestocke,,1543,27,Spert
MAYNERD,John,,"St Mary Arches, Exeter; Cornwall",,1547,31,Alen
,,,,de bonis non grant,1576,,
MAYNWARING,Nicholas,clerke,Exeter Cathedral; Widenbury,,1537,6,Dyngeley
,,,"?Wiburnbury), Cheshire",,,,
MENEFIE,William,,Musberye,,1548,F.6,Populwell
MERECROFT,John,gent,Tawestock (Tavistock),fo 197 at Canterbury,1503,,
MEREDETH,Ameredeth,,"St Peter, Exeter",,1558,70,Noodes
,Griffith,,,,,,
MITCHELL see MYCHELL,,,,,,,
MOGGRIDGE,John,clerk,residensary of Exeter,,1524,23,Bodfelde
MOLYNEUX,Henry,clerk,canon resid(ensary) of Exeter;,,1491,45,Milles
,,,"Lausant, Cornwall",,,,
MONCKE,Elizabeth,,Poterrigge (Potteridge in parish of Merton),,?1490,25,Milles
MONGEY,Matthew,,Topseham,,1525,35,Bodefeld
MONGEY see MUNGEY,,,,,,,
MORE,John,,Comb Raleigh; Exeter,,1464,4,Godyn
MORE,John,,Columpton,,1509,27,Bennett
MORE,Symon,,Bovytracy,,1509,19,Bennett
MORECOC,John,,Uplime,,1505,40,Holgrave
MORES als TAKELL,Willyam,,"St David, Exeter",,1547,3,Populwell
MORTYMORE,Edmond,,Halberton,,1558,F.46,Noodes
MOUNFORT,John,,Dertemouthe,,1412,26,Marche
MOUNTJOY,Lady Dorothy,formerly Lady,Bereferris,,1553,F.20,Tashe
,,Willoughby de Broke,,,,,
MOYNE,Edmund,,Honyton,,1521,18,Maynwaryng
MOYNE,Richard,,Honyton,,1515,13,Holder
MUCHELDEUERE,Richard,,"Slapton; Shirborne, Dorset",,1401,1,Marche
MUGGE,Water,,"Devon; Guildeford, Surrey",,1495,23,Vox
MULLE,Thomas,,"Devon; Harscombe, Gloucester",,1422,54,Marche
MUNGEY,Thomas,,Topsam,,1513,33,Fetiplace
MYCHELL,John,,Dertmouthe,,1513,24,Fetiplace
NANS,John,L.L.D.,Canon resident of Exeter; Cornwall,,1508,9,Bennett
NEWMAN,Richard,,Dartmouth,,1551,27,Bucke
NORDON,William,,"St Peter, Exeter",,1496,28,Vox
NOREYS,Thomas,esquire,Chiddeley Chudleigh,,1424,3,Luffenam
NORTHECOTE,John,,Honyton,,1558,F.57,Noodes
NOSWORTHY,William,,Chagforde; Cornwall,,1539,14,Crumwell
als NORTHSWORTHY,,,,,,,
OLDHAM,Hugh,,"bysshop of Excetter; Chelsey, Middx",,1519,19,Ayloffe
OLDOM,Bernerd,clerk,tresorer etc. of Exeter (treasurer);,,1516,24,Holder
ORMOND see BUTLER,,,"Seint Mabane, Cornwall",,,,
OSANT,Nicholas,,Kynesbridge,,1507,32,Adeane
PAGE,Alen,,Totton Totnes,,1558,F.19,Noodes
PAGET,Robert,,"Farringdon; Darington etc., Yorks;",,1541,2,Spert
,,,"St Dennys, backechurche, London",,,,
PARKER,Thomas,,Holy Trinity w'out Southgate; Exeter,,1507,24,Adeane
PARKER,Thomas,,Northmoulton,,1543,1,Pynnyng
PARR or PARE,Geffery,,"St Pancras, Exeter",,1548,F.23,Populwell
PARYS,John,,"Chardstocke, Dorset",,1551,28,Bucke
PARYS,Thomas,,"Chardstocke, Dorset",,1557,39,Wrastley
PARRYS,Wyllyam,,"Chardstocke, Dorset",,1558,F.46,Noodes
PASCOWE,John,clerk,canon resid(entiary) of Exeter,,1494,15,Vox
PASMERE,John,,"Switton (Sutton, in parish of Halberton);",,1544,F.8,Pynnyng
,,,Lyons Inn. London,,,,
PASMORE,Thomas,,Hyebray Highbray,,1528,3,Jankyn
PAYN,Thomas,,Yartecombe Yarcombe,,1404,7,Marche
PERY,Thomas,,Plymmouth,,1438,25,Luffenham
PERYN,john,clerke,Tavistooke,,1550,11,Coode
PHILIP,Katherine,,Barum Barnstaple,,1504,11,Holgrave
PHILIP,John,,Pylton,,1460,19,Stokton
PHILLIPP,Walter,,"Harburton; Salt Ashe, Cornwall",,1517,34,Holder
PHILLIPPE,Roger,,grete Torrynton,,1547,F.43,Alen
PHILLIPPE,William,,Combmerten Coombe Martin,,1548,9,Populwell
PICHARY,John,,"Chardstock, Dorset",,1518,F.16,Ayloffe
PLENTE,John,clerk,canon of Exeter; Cambridge;,,1483,7,Logge
,,,"archdeacon of Lewes, Sussex",,,,
POKE,John,,Gorge Shillyngford Shiiligford St George;,,1509,23,Bennett
,,,"St Austyn, Watlynstrete, London",,,,
POLLARD,Sir Lewes,clerk,Bid(e)ford,,1494,16,Vox
POLLARD,Sir Lewis,knight,Ockeford Oakford,,1526,F.11,Porch
POLLARD,Sir Richard,knight,Combour Martyne Comb Martin,,1545,F.27,Pynnyng
POLLARD,Richard,esquire,Horwode Horwood,,1550,F.23,Coode
POLYNG,John,,"Bokeland (monastry), Devon; Exeter",,1457,11,Stokton
,,,?Buckland Monachorum,,,,
POMERAY,Sir Richard,knight,Bery Pomeray,,1496,1,Horne
POSSELEW,John,,Horwode,,1494,10,Vox
POTTER,Robert,,Cristowe,,1539,14,Crumwell
PREDYAUX,Richard,,Tavystock; died at London,,1529,15,Jankyn
PRENTYS,Richard,clerk,"Stokenham; St Mary, Sarum;",,1416,36,Marche
,,,"hospital of St Katherine, London;",,,,
,,,"Alsford, Hants; (canon of Southwell)",,,,
PRESTWOOD,Thomas,,"St Peter, Exeter",,1558,50,Noodes
PRICE ap PRYCE,John,,Tyverton,,1558,71,Noodes
PRIDEAUX see PREDYAUX,,,,,,,
& PRYDEAUX,,,,,,,
PRIE,Richard,,Colbroke,,1498,22,Horne
PRUD,John,clerk,Parkenham Parkham;,,1515,9,Holder
,,,"Quene Colage, Cambridge; London;",,,,
,,,"Lanercost, Cumberland; Wemme, Salop",,,,
PRUST,John,,Hartelonde,,1513,24,Fetiplace
PRUST or PRYST,Sir John,clerk,Hartlande,,1545,F.44,Pynnyng
PRYCE see ap PRYCE,,,,,,,
PRYDEAUX,Humfrey,esquier,Sutcombe; Cornwall,,1550,15,Coode
PYDIOCKE,Sir John,clerk,"Exeter; St Stephens, Westminster",,1506,21,Adeane
PRYDYAUX,Rychard,gent,"Devon; Tormerton, Gloucester",,1541,28,Alenger
PRYMETT,Richard,,Barnestapol,,1509,13,Bennett
PYNE,John,,"Plymouth; St Stephen Walbroke, London;",,1531,7,Thrower
,,,"Mylton near Sittingborne, Kent;",,,,
,,,"Croydon, Surrey",,,,
PYNNEY,John,,"Chardstocke, Dorset",,1552,27,Powell
QUYCKE,Andrew,,Seynt Syre Newton Newton St Cyres,,1557,36,Wrastley
RALEGH,Sir Edward,knyght,"Ilfercoombe, etc; Farneborough, Warwick",,1513,14,Fetiplace
RALEGH,John,,Toppesham,,1502,10,Blamyr
RANDALL,James,gent,"Charleton, Devon; Balldock, Herts;",,1544,F.15,Pynnyng
,,,"Bassingbourne, Cambridge",,,,
RATTLE,Richard,,"St Pancrace, Exeter",,1546,F.10,Alen
RAWLENS,Robert,,(?Exeter),,1503,29,Blamyr
REDE,John,,"Dertmouth; Burdeux, France",,1510,33,Bennett
REGNY,Ibote,,Eggisford,,1504,11,Holgrave
REIGNY,Richard,,Eggisforde,,1518,11,Ayloffe
REYGNY,Sir William,clerk,Exeter; Plymtre,,1521,F.11,Maynwaryng
REYNOLL,Harrye,,Devon (no place name),,1555,24,More
RICH see RYCHE,,,,,,,
RICHARDES,Thomas,,"ship ""Primrose"" ?Dartmouth",,1554,F.6,More
RICHARDDES,William,the yonger,Churchestanton,filed will dated 2 Feb,1551,---,---
ROBENS,Willyam,,"ship ""Primrose"" ?Dartmouth",,1554,F.7,More
ROBYNS,John,,"St Peter, St Petrock, Exeter",,1517,4,Ayloffe
RODE att,Alice,,Sampford Peverell,,1457,10,Stokton
ROLLE,George,esquire,"Stebynston, Devon; London",limited probate,1552,F.3,Taske
,,,,caerorum grant,1553,F.14,Taske
,,,,de bonis grant,1571,Feb,
ROWE als SPARKEHAYN,John,,Baunton Bampton,,1509,24,Bennett
RUGG,John,,Uffecumbe,,1554,1,More
RUGG,Gilbert,,Wydecombe,,1528,F.38,Porch
RUSSELL,Emelena (latin),,Wyllonde Willand,,1499,5,Moone
RUSSELL,Robert,,"St Mary, Exeter",,1503,22,Blamyr
RYCHE,Wyllyam,,Ermyngton,,1540,F.23,Alenger
RYDON,Andrew,,Axemyster,,1415,32,Marche
RYGGE,Mr Robert,clerk,"Exeter; Wells; St Stephen, Bristol",,1410,21,Marche
RYSSHETON de,Nicholas,clerk,"Crediton; Clyre, Kent; canon of Sarum",,1413,26,Marche
SADLER,John,,"Baunton Bampton; Ailesbury, Bucks;",,1431,14,Luffenam
,,,"St Benet Graschirch, London",,,,
SAINT ALBAN see,,,,,,,
SENTABYNE,,,,,,,
SAINT CLERE see,,,,,,,
SYNGCLER,,,,,,,
SAINT LEGER see,,,,,,,
SEYNTLEGER &,SELNGER,,,,,,
SAMERY,John,,Harberton,,1511,3,Fetiplace
SANDERFORTH,Roger,clerk,"canon residentiary of Exeter; Stalbridge,",,1514,1,Holder
,,,"Dorset; St Clement Danes, London",,,,
SAPCOTES,Syr John,knyght,"Hartlond; Alyngdon, Hants",,1510,21,Moone
SAVEREY,Robert,,Dertemouth,,1509,15,Bennett
SAWELL,John,,Tavystocke,,1550,8,Coode
SAYNTMAURE SEYMOUR,Sir William,knight,"Uggeburgh; Dorset; Glastonbury, Somerset",,1503,6,Holgrave
SCHYLLYNGFORD de,John,,canon of Exeter & Wells;,,1407,13,Marche
,,,"advocate of Court of Canterbury, London",,,,
SCOTE [?SCOTT],John,,Ludeswell Loddiswell,,1489,29,Milles
SELAKKE,William,,Teverton,,1524,F.26,Bodfelde
SELLER,Thomas,,Adrington Atherington; St Pular (?London),,1541,33,Alenger
SELYNGER [SAINT LEGER],Jamys,,Monkeley,,1510,29,Bennett
SEMER,Nicholas,,Dertmouth,,1530,F.22,Jankyn
SENTABYNE [SAINT ALBYN],John,squyer,Paracombe (?Parkham);,,1508,6,Bennett
,,,"St Marke of the gaunteS, Bristol",,,,
SEWARD,Richard,,Axmister,,1509,24,Bennett
SEXTUN,Mr John,LL.D,"Hakkcombe; St Gregory, London;",,1519,17,Ayloffe
,,,"Eglesklif, Durham; Bolsward, Brabant",,,,
SEYER,Agnes,,Dertmouthe,registered twice,1513,24,Fetiplace
SEYMOUR,Richard,"Lord Zouche, Seymour","Southmolton or ?north Molton; Cantelope, Som.",,1552,F.33,Powell
,,& Cantelope,,pvd in consist.ct Bath,,,
SEYMOUR see also ZOUCHE,,,,& Wells see filed will,1552,Aug 5th,
SEYMOUR see,,,,,,,
SAYNTMAURE,,,,,,,
SEYNTLEGER,Anne,,Monkelegh,,1532,21,Thrower
SEYNTLEGER [SAINT LEGER],Bartholomew,,"Devon; Holyngborn, Kent",,1516,F.16,Holder
SHERE,William,,"Topsham; Chardstocke, Dorset",,1524,F.27,Bodefeld
SHERLONDE,William,,"Devon; Townehill, Hants",,1543,3,Pynnyng
SHERMAN,John,the elder,Otery saint Mary,,1543,19,Spert
SHERMAN,Margaret,,Otteray St Mary,,1495,27,Vox
SHERMAN,William,,Ottery St Mary,,1495,25,Vox
SHERMAN see BROWNE,,,,,,,
SHILSTON,Sir John,knight,"Bridestow; St George, Southwark",,1531,3,Thrower
SHYLSTON,William,the elder,Kerton Crediton,,1550,F.1,Bucke
SIDENHAM,John,,Columpstoke Culmstock,,1504,22,Holgrave
see also SYDENHAM,,,,,,,
SKAYNE,James,,"ship ""Primrose"" Dertmouthe",,1554,F.7,More
SKYNNER,Thomas,,Tyverton,,1493,10,Vox
SLADDE,Henry,,Columpton,,1518,7,Ayloffe
SLADE see DOWNEMAN,,,,,,,
SLANNYNGE,John,esquire,"Devon; Hampstede, Middlesex",,1558,63,Noodes
SMALRUGE,Thomas,,Ayssheton Ashton,,1539,15,Crumwell
SMERT,John,,"Devon; Lydierd Epi., Somerset Bishop Lydford",,1422,54,Marche
SMYTH,John,,Buckfastlegh,,1518,9,Ayloffe
SMYTH,Thomas,,Buckfastlegh,,1518,10,Ayloffe
SNETESHAM,Richard,,Gabrielstoke Stoke Gabriel,,1416,37,Marche
,,,chancellor of Oxford,,,,
SOLUBRIE,Thomas,,"bysshope of St Mary Otery; St Goran, Cornwall;",,1544,17,Pynnyng
,,,"Taunton, Somerset",,,,
SOPER,Thomas,gent,"Exeter; ---, London",,1509,23,Bennett
SOTHORN,Thomas,clerk,tresore of Exeter treasurer;,,1557,25,Wrastley
,,,"Probuse, Cornwall",,,,
SOUTHAMPTON,,,,,,,
see WRIOTHESLEY,,,,,,,
SOUTHWARUD,Robert,,"ship ""Primrose"" (Dartmouth)",,1554,F.6,More
SPARKEHAYE,,,,,,,
see ROWE,,,,,,,
SPEKE formerly COLSHILL,Elisabeth,,Exeter Cathedral; Whyte Lakynton; Som.,,1519,17,Ayloffe
SPEKE,Sir George,knyght,"Devon; Est. Doulishe, Somerset",,1528,39,Porch
SPEKE,Sir John,knyght,"St Petyr, Exeter; Whitlakynton, Somerset;",,1518,9,Ayloffe
SPEKE,Sir Thomas,knight,Devon; Somerset; Cornwall; St Dunston,,1551,F.18,Bucke
,,,"within temple barre, London",sentence,1552,32,Powell
SPURWAYE,Thomas,gent,"St Martin, Exeter",,1548,F.6,Populwell
STAFFORD,Sir Humphrey,"knight, earle of Devon","Devon; Glaston, Somerset; Dorset; Wilts;",,1469,29,Godyn
,,,Cornwall,,,,
STAFFORD or STAWFORD,Pawle (?Paul),,London; died at Exeter,,1556,F.1,Wrastley
STAWELL or STOWELL,John,gent,Exeter,,1551,26,Bucke
STED(H)AM,Nicholas,,"Chardstocke, Dorset",,1551,28,Bucke
STENYNG,Edward,,"Devon; Selworthy, Somerset",,1525,F.33,Bodfelde
STEPHIN,Thomas,S.T.P.,Ottery St Mary; Okehampton;,,1489,28,Milles
,,,"Abyndon, Berks",,,,
STEVENSON,Sir William,clerk,Bigbery,,1508,2,Bennett
STEVYN [STEPHEN],Christopher,,Highbray,,1529,7,Jankyn
STEVYNS,John,,"St George in the Boucherowe, Exeter;",,1557,50,Wrastley
,,,died in London,,,,
STOWARD,Thomas,,Tavystock,,1541,F.31,Alenger
[STEWARDE in register],,,,,,,
STRANGLAND,John,clerk,Pyworthy; hospital of St Mary extra,,1449,36,Luffenham
,,,"Bishopsgate etc., London; Middilham,",,,,
,,,Yorks,,,,
STRECHE,William,,Bramford Speke,,1557,51,Wrasley
STROBRIDGE,John,the elder,Collyton,,1557,F.54,Wrasley
STROBRIDGE,John,,"Collyton; Lyme Regis, Dorset",,1539,2,Alenger
STROBRIDGE,Robert,gent,Crediton,,1552,F.12,Powell
STROBRIGGE,John,,Colyton,,1516,22,Holder
STUKELEY see,,,,,,,
BOURGHIER,,,,,,,
STURGEON,Nicholas,clerk,"Aysperton (?Ashburton); precentor, St Paul's,",,1454,10,Rous
,,,"London; Henstrygge, Somerset",,,,
STYLE,Sir John,knyght,"Teverton; est Greenewicke, Kent; London;",,1529,14,Jankyn
,,,"Alhalowen, Berking",,,,
STYNTE,William,clerk,"Exeter, Portismowth, Havente, Hants;",,1521,22,Maynwaryng
,,,St Gregory (?London),,,,
SUMMASTER,William,clerk,Silverton; Wells (Somerset),,1504,21,Holgrave
SURLONDE,"Sir ""Robert""",clerk,"Credyton; Canon of Lincoln;Alton, Hants;",,1509,20,Bennett
,(rectius Richard),,"Cranffeld, Bedford;Windsor, Newbury, Berks;",,,,
,,,"Crokerne,Somerset; Braham, Suffolk;",,,,
,,,"Lycett Mautravers, Dorset; Alton, Hants",,,,
SUSAN,William,,Holysworthy,,1518,10,Ayloffe
SYDENHAM,Edwarde,,"Exeter; Dulverton, Somerset",,1543,3,Pynning
SYDENHAM,Joan,,Columpstoke Culmstock,,1538,25,Dyngeley
SYDENHAM,,,,,,,
see also SIDENHAM,,,,,,,
SYNDNOR,William,,"St Patryke, Exeter; (St Petrock)",,1514,4,Holder
,,,"Blake friers, London (Black Friars)",,,,
SYNGCLER (SAINT CLERE),Gilbert,,Estbudley (East Budleigh),,1525,F.2,Porch
SYLKE,William,clerk,precentor of Exeter,,1508,35,Adeane
SYMON,John,,"St Petrocke, Exeter",,1525,1,Porch
SYMOUNDES,John,gent,Exeter,,1547,F.46,Alen
SYMSON,William,,"diocese of Exeter; Parlock or Porlock,Som.",,1528,3,Jankyn
TAKELL,John,,Henyton Honiton,,1506,13,Adeane
TAKELL see MORYS,,,,,,,
TAKYLL formerly ?HEDE,Joane,,Honyton,,1529,9,Jankyn
TANFELDE,Francys,esquier,"Devon; Somerset; Gayton, Northants",,1558,F.15,Welles
TANNER,John,,Dertmouthe,,1524,29,Bodfelde
TANNER see GOOLD,,,,,,,
TAPER,Henry,clarke,Cokenton Cockington; city of London,,1548,16,Populwell
TAYLDER als WEAVER,Benet,,Tavistocke,,1504,15,Holgrave
TAYLOUR,John,S.T.P.,(?chancellor of) Exeter; St Mary (?provost,,1492,23,Dogett
,,,"of Oriel College, Oxford)",,,,
THACKER,John,,"ship ""Primrose"" (Dartmouth)",,1554,F.6,More
THEVYLL or THEWYLL,Alexander,,Throwleigh,,1549,F.7,Coode
THOMAS,John,,"St Petrock, Exeter",,1470,30,Godyn
THOMAS,John,,"Barnestaple; Llangeneth, Glamorgan",,1546,19,Alen
THORNEBURGH,William,,Devon; Somerset; Hants; Wilts;,,1537,5,Dynesley
,,,"St Bryde, London",,,,
TIDERLEYGHE,Chrystian,,"Chardstocke, Dorset",,1547,F.2,Populwell
TOKER,Robert,gent,"St Mary Mychett, Exeter (St Mary Major)",,1546,31,Alen
TOLLETT,Richard,,archdeacon of Barum Barnstaple; Exeter,,1528,54,Porch
TOMYOWE,Thomas,L.L.D.,canon resid(entary) of Exeter & of Wells (Som.),,1518,9,Ayloffe
TOSER,John,clerk,Ufcumbe,,1554,F.6,More
TREGARTHEN,Thomas,esquyer,"Plymouth; St Goran, Cornwall",,1509,14,Bennett
TRENCHARD,John,esquire,Devon; Dorset; Wilts; Hants,,1495,27,Vox
TRENT,William,gent,Otery sainct Mary Ottery St Mary,,1549,F.36,Populwell
TRESTRAM,John,,Baunton Bampton,,1549,F.34,Populwell
TRISTRAM,John,the younger,Bawton Bampton,,1544,22,Pynnyng
TRYSTRAM,Magdalyn,,Kings Brounton,,1547,F.2,Populwell
TROKE,Thomas,,Columpton,,1549,39,Populwell
TROTTE,John,,Colompton,,1522,3,Bodfelde
TROWBRIDGE,,,,,,,
see HOWELL,,,,,,,
TUCKFYLD,John,,"St Martyn, Exeter",,1557,F.27,Wrastley
TURBERVYLDE formerly,Jone,,"Aisherbrenton (Ashprington); Howe, Dorset",,1548,10,Populwell
COTTERELL & PREDYCE,,,,,,,
TURNER,John,the younger,Halberton,,1509,24,Bennett
TYRILL,John,,"ship ""Primrose"" (Dartmouth)",,1554,F.7,More
TYRLYNG,John,,Colyton,,1521,16,Maynwaryng
URSWYKE,Cristopher,clerk,chancellor of Exeter; Archdeacon of Norfolk;,,1522,23,Maynwaryng
,,,archdeacon of Oxford; prebendary of St Paul,,,,
,,,London; prebendary of Lincoln;,,,,
,,,"Hackney, Middx; Felffham, Sussex; Lancashire",,,,
USSHER,William,,"Dertingdon; Hants; our lady of Bowe,London",,1508,10,Bennett
VAUTER or VAWTER,Thomas,,Tiverton,,1555,37,More
VIELL,Roger,,Torriton (Torrington),,1498,25,Horne
VILLA NOVA de,Peter,,Exeter; Spain,,1546,16,Alen
VUDE,Richard,,"St Petrocus, Exeter",,1507,23,Adeane
VYE,Harrye,,Colyton,,1558,63,Noodes
VYGURS,William,,Exeter (?London),,1518,7,Ayloffe
WADE,Richard,clerk,"Sampford Coutteney, North Leu North Lew;",,1546,21,Alen
,,,"St Stephen, Westminster",,,,
WADHAM,John,knight,Blamkescomb Branscombe; Somerset,,1412,23,Marche
WADHAM,Nicholas,knyght,"Devon; Muryfelde, Somerset; Dorset;",,1542,F.15,Spert
,,,Hants; Wilts,,,,
WAKEHAM,Robert,,Sherrford,,1540,F.16,Alenger
WALLOP,Sir John,K.G.,Devon; Somerset; Guisnes (?Guernsey),,1551,24,Bucke
WALSHE,John,,"Newham Abbey, Devon; Chesthunte, Hants",,1515,14,Holder
WALSHE,Katheryn,,Pylton,,1555,26,More
WALSHE,Richard,,Pylton,,1551,F.12,Bucke
WARRE,Richard,,Holkcombe (Rogus),,1403,5,Marche
WARREYN,John,clerk,"Lyfton, Devon; prebendary of Canterbury",,1558,F.54,Noodes
WARWICKE,Water,,Holbeton,,1551,8,Powell
WASCOMBE,Thomas,,Chymley (Chulmleigh),,1550,F.24,Coode
,,,,cessate grant,1551/2,January,
WATTES,Barnard,,Tottnes,,1520,F. 29,Ayloffe
WAY,Richard,,Exeter,,1546,18,Alen
WEAVER als WEUER,,,,,,,
see TAYDLER,,,,,,,
WEBBER,George,,Pilton,,1553,14,Taske
WEBBER,William,,"Thornecombe; Lyme, Dorset",,1534,14,Hogen
WEKYS (WYKES),William,,Sandford Courtney,,1539,19,Crumwell
WENARD,William,,"Clistbarnevile, Devon; Cornwall; Somerset;",,1442,14,Rous
,,,Wilts; Middx; Hants,,,,
WENFORD,John,,Walborough,,1494,16,Vox
WESCOTT,Thomas,,Shobrugge Shobrooke,,1548,9,Populwell
WEST,Raynolde,clerk,"Stokintinhed; subdean of Wells,",,1515,15,Holder
,,,"Shepton Mallet, Somerset",,,,
WESTON,John,,Coliton,,1554,15,More
WESTON,Robert,,Colyton,,1506,8,Adeane
WHATTES,Thomas,,Tavistock; Sussex,,1519,21,Ayloffe
WHELER,Symon,,"Torre; Braste, France",,1557,F.54,Wrastley
WHETON,William,,Ide,,1549,F.33,Populwell
WHITE,David,,Otery ?Ottery St Mary or Upottery,,1517,35,Holder
WHITING,Anne,,"Kentysbere' Compton Paunscefote, Somerset",,1534,14,Hogen
WHITING,Robert,,Columpton,,1500,20,Moone
WHITYNG,John,esquier,Woode near Huntsham,,1529,4,Jankyn
WHITYNG,Nicholas,,Gydesham Gittisham,,1500,4,Moone
WHYTE,Simon,clerk,Thornerton Thorverton,,1501,14,Blamyr
WHYTYNG,William,,Kentesbere,,1544,10,Pynnyng
WILLIAMS,John,,Tavistocke,,1546,15,Alen
WILLIAMS,John,clerke,Exeter Cathedral,and sentence,1546,23,Alen
WILLIAMS or WYLLYAMS,John,,Huxham,,1558,F.17,Welles
WILLIAMES,Thomas,gent,"Dertmouth; Edelmeton, Middx",,1495,30,Vox
WILLIAMS,Willyam,clarke,"Sylverton; Maker, Cornwall; Tanton, Somerset",,1552,27,Powell
WILLOUGHBY de BROKE,Robert,"kynght, Lord Broke","Devon; Lincoln; hospitall in Savay, London",,1521,21,Maynwaryng
WILLOUGHY de BROKE,,,,,,,
see also MOUNTJOY,,,,,,,
WILTSHIRE,Lady Cecill,marques Harrington &,"Devon; Cornwall; Asheley, Warwick",,1530,22,Jankyn
,,Bonvill; wife of marques,,,,,
,,"Dorset & after, erle of",,,,,
,,Willshere,,,,,
WISEMAN,Sir Robert,clerk,"""Alsington"" (Alphington, Devon);",,1501,7,Blamyr
,,,"Charterhouse, London",,,,
WODE (WOOD),Nicholas,,Upotery,,1505,40,Holgrave
WORTH see WYRTH,,,,,,,
WORTH,Elisabeth,,"St Mary Arches, Exeter",,1506,13,Adeane
WOTTON,William,the elder,Englesborne (in parish of Harberton),,1554,29,More
WRIOTHESLEY,Thomas,erle of Southampton,Devon;Dorset;Somerset; Hants; Middx,,1551,F.13,Bucke
WYDESLADE,John,,Bookeland (Devon in Grey Friars Register);,,1468,24,Godyn
,,,"Freres menors, London",,,,
WYETT,John,clerk,Combraileighe,,1558,75,Noodes
WYKE,John,gent,"Devon: Aldenham, Herts; St Dunstan in",,1490,38,Milles
,,,"Fleetstrete, London",,,,
WYKES,Harrye,,Munckochamton Monkokehampton,,1547,38,Alen
WYKES,John,,Axmouth,,1504,21,Holgrave
WYKES see WEKYS,,,,,,,
WYLFORD,William,the elder,"Exeter; St Margett Lotheberye, London",,1551,F.32,Bucke
WYLLOUGHBY,Nicholas,,"Devon; Cornwall; Wilts; Afpudell, Dorset",,1542,17,Spert
WYNNARD,John,,"Friars Minors (Grey Friars), Exeter",,1468,25,Godyn
WYRTH (WORTH),Roger,,"St Mary Arches, Exeter",,1488,14,Milles
WYSE,Nicholas,,"Sydenham - Damerell; Bodmin, Cornwall;",,1540,F.19,Alenger
,,,"St Leonarde, Shordiche, Middlesex",,,,
WYSE,Thomas,clerk,"canon residentiary of Exeter; St Buer, Cornwall",,1548,10,Popuwell
WYTLOFF,John,clerk,"Lodiswell; Friairs preacher, Bristol",,1405,9,Marche
WYXE,Richard,clerk,Sampford Courteney,,1485,17,Logge
YARDE,Thomas,squier,Bradleigh (Bradley juxta Newton Bushell),,1557,45,Wrastley
YOGGE,William,,Plymouth,,1472,6,Wattys
YORKE,Walter,,"St Mary de Archubus, Exeter St Mary Arches",,1505,36,Holgrave
YOUNG/YVNG,James,,"ship ""Primrose"" (Dartmouth)",,1554,F.7,More
ZOUCHE see SEYMOUR,,,,,,,
ZOUCHE,John,knighte - lord,"Devon; Harringworthe, Northants",,1551,F.10,Bucke
,,,,Bath & Wells,1555,05 Aug,
,,,,(see filed will),,,
