NAME,FORENAME,OCCPN/STATUS,PLACE,P.A.B./NOTE,YEAR,FOLIO
AISHWEEK,Thomas,merchant,Plymouth,-76,1698,92
ALDEN,William,mar.,Plymouth,-21,1695,16
,,,"(ship ""Providence"")",,,
ALFORD,George,,"Chardstock, Dorset",-152,1695,125
ALLAND,Sarah,wid,city of Exeter,-107,1694,114
ALLEIN,Toby,merchant,city of Exeter,-100,1696,87
ALSTONE,John,clothier,Tiverton,-82,1696,59
AMERY,Robert (senr),husbandman,Burlescumbe,-63,1699,53
AMERY,Robert (junr),yeo,Burlescumbe,-63,1699,53
ANDREWS,James,,(wife of Plymouth),,,
,,"master of and (d. in) HMS ""York""",,-155,1694,187
ANTHONY,Phinehas,merchant,city of Exeter,-135,1691,107
AVERAY,Robert,--,"Pitheridge, Dev",--,1694,p11
,,,[Witheridge],will registered 131 Exton (1688),,
AVERY,Ann,wife of Robert A.,(Uffculme),-29,1694,23
AVERY,Isaac,mar,Plymouth,-105,1697,107
AVERY,John,mar,Topsham,-59,1696,43
,,,"(d. in H.M.S. ""Bredah"")",,,
BABB,"John,",gent,Doddiscombleigh,(229G),1697,268
BACHALLER,"Patience,",wid.,"Honiton, Dev",-207,1694,225
BAKER,William,fuller,city of Exeter,-12,1700,3
BALLYMAN,"John, junr",yeo,Uffculme,-92,1699,69
BAMPFIELD,Edward,grocer,Exeter,(100 171),1696,87
BANKS,John,merchant,city of Exeter,-204,1700,164
,,,"(d. St Andrew Undershaft, London)",,,
BANTON,"Grace,",wid,Collumpton,-34,1698,29
BANTON,John,---,Collumpton,-155,1694,188
BARBER,Daniel,---,Plymouth,Sentence,1695,199
BARKER,Daniel,merchant,Plymouth,-12,1694,43
BARNE,William,yeo,East Anstie,-107,1694,115
,,,,,,
BARWICK,"John,","bach, mar.",Pilton,-122,1694,115
,,,"(d. H.M.S. ""Sceptre"")",,,
BASS,George,mar,Withicombe Rawley,-129,1698,157
BASSETT,Francis,esq.,Heaton Punchardon,-66,1694,70
BAWDEN,Humphrey,esq.,city of Exeter,-213,1700,164
,,,,Sentence,1700,195
BECKETT,John,vintner,city of Exeter,-73,1700,50
BELLIVOE,James,mar,Dartmouth,-71,1695,43
,,,"(d. H.M.S. ""Sandwich"" at sea)",,,
BISHOP,Walter,mar,"Plympton St Mary, nr Plymouth",,,
,,,,-210,1697,224
,,,"(d. in H.M.S. ""Chichester"")",,,
BLOCK,Hendrick,--,Plymouth,,1698,p203
,,,,will registered 81 Cole (1669),,
BLUET,John,esq.,Holcombe Rogus,-212,1700,163
BOND,John,velmonger,"Stockland, Dorset",-45,1700,43
,,,"(Buckland, Dorset)",,,
BOND,Joseph,mar,Drue Stenton,-82,1698,94
,,,"(H.M.S. ""Lyme"")",,,
,,,[Drewsteignton],,,
BOOTH,"Wilmot,",wid.,Tavistock,-100,1696,87
BOWEN,Thomas,clerk,Walkhampton,(229G),1697,268
BREMAN,James,mar,Plymouth,-107,1694,116
,,,"(a French Pylott in H.M.S. ""Brittania"", in Torbay (d. at sea))",,,
BRETT,Samuel,mercer,Plymouth,-167,1695,214
BRODRIDGE,Christopher,merchant,Exeter,-68,1697,69
BROOKEING,John (senr),merchant,Totnes,-28,1696,3
BROUGHTON,Nicholas,,"Dalwood, Dorset",-209,1700,123
BROWNE,Nicholas,taylor,Plymouth,-31,1699,18
BROWSE,Nicholas,esq,"Doseley, Harberton",-190,1696,241
,,,,Sentence,1697,208
BRUEN,"Susanna,",spr,Exeter,-28,1697,25
,,,"(d. in St Benet Finch, London)",,,
BUSH,John,"captain of HMS ""St Michael""",,-13,1699,2
,,,"(H.M.S. ""Mermaid"" (d. Plymouth, Devon)",,,
,,"(wife of Portsmouth, Hants)",,,,
BUTLER,Simeon,,"St Olave, Southwark, Lond.",-153,1696,178
,,,"(d. at Kingsbridge, Devon)",,,
CALMADY,"John,",esq,Bridiston,-189,1695,167
,,,[Bridestow],,,
CAREW,"Sir Henry,",bt,Larcombe (Hasscombe),-232,1695,231
,,,[Haccombe],,,
,,,,,,
CAREW,Henry,"Esq, bach",St Thomas the Apostle,-105,1699,89
,,,,Sentence,1699,205
,,,"[St Thomas Apostle, Exeter]",,,
CARTER,Peter,seaman,"(d. in H.M.S. ""Content"" at Plymouth)",,,
,,,"(exix of St Katherine by Tower, Lond.)",,,
,,,,-118,1696,110
CARY,"Dame Martha,",wid.,Cannonting,-129,1698,210
,,,[Canonteign],,,
CHADDER,John,mar,(bro. of Brixham),-99,1697,91
,,,"(H.M.S. 'Berwick"")",,,
,,,"(d.in) H.M.S. ""Hampton Court""",,,
CHAPELMAN,John,mar,"Millbrook, Devon",-85,1698,118
,,,"(ship ""Monarch"")",,,
,,,"[Millbrook - chapelry, par of Maker]",,,
CHEARS,John,father,St Leonards,-34,1698,33
,,,"[St Leonard, Exeter]",,,
CHEEKE,John,chirurgeon,City of Exeter,-81,1696,61
CLARKE,Henry,clerke,"Stockland, Dorset",-63,1698,67
CLARKE,"Richard,",gent,Halberton,-210,1697,228
CLIFT,"Richard,",bach mar,East Allington,-122,1694,116
,,,"(ship ""Rupert"")",,,
CLOBERY,John,esq,Bradstone,-85,1700,69
COATES,John,mar,Branton,-111,1698,138
,,,[Braunton],,,
,,,"(d. in H.M.S. ""Hampshire"")",,,
COLE,Richard,,Barnestaple,-111,1695,91
COLLIN(G)S,"Joseph,",bach mar,Chidley,-67,1696,45
,,,"(d. in H.M.S. ""Assistance"")",,,
,,,[Chudleigh],,,
COLLINS,Robert,clerke,Ottery St Mary,-94,1698,116
COMER,Joseph,mar,Bittheford,-47,1700,45
,,,[Bideford],,,
CONEBEARE,"Samuell,",bach wool-comber,Barnstable,-118,1696,110
,,,"(d. in ship ""Cornwall"")",,,
COOKE,John,merchant,"Kenbury, Exminster",-194,1695,144
COOKE,Mathew,clothier,Ufenline,-111,1698,138
,,,[Uffculme],,,
CORNELL,Joseph,mar,Isle of Jersey,-23,1695,19
,,,"(T.M.S. ""Assistance"")",,,
,,,"(Stepney, Mdx; H.M.S. ""Weymouth"", d. Plymouth)",,,
COURTNEY,"Margaret,",wid.,West Molland,-113,1697,114
CROW,"William. senr.,",yeo,"Dalwood, Dorset",-71,1700,53
CRYMES,"Elize (?Ellis),",esq,Buckland Monachorum,-120,1696,110
CUDMORE,"Samuel,",gent,Barnstable,-218,1695,173
,,,,,,
CURLE,Edward,,(wife of Plymouth),-233,1697,276
,,,"(d. in H.M.S. ""Hampshire"")",,,
DARKER,Edward,confectioner,"St Sydwell, Exeter",-144,1698,159
,,,now in Lond. (d. overseas),,,
DARRECOTT,William,,Yannton (Heaton),-224,1694,246
,,,"(H.M.S. ""Chatham"" )",,,
,,,[Heaton Punchardon],,,
DAVIS (signs DAVIDS),Thomas,mar,Bitteford,-129,1697,138
,,,"(d. in H.M.S. ""Canterbury"" )",,,
,,,[Bideford],,,
DAY(S),Robert,mar,Exmouth,-169,1696,200
,,,"(ship ""Sovereign"")",,,
,,,"(d. in H.M.S. ""St Andrew"")",,,
DEACON,Edward,chirurgeon,"St Paul, Shadwell, Midx (132)",1695,113,
,,,"(T.M.S. ""Prudence"" (d. Plymouth))",,,
DEERE,"William, senr",,Burlescombe,will registered 161 Penn (1670),1696,p220
DENHAM,"Eleanor,",spin.,Tyverton,-231,1694,246
DEWSTOW,William,mar,"St Paul, Shadwell, Midx (0)",,1697,6
,,,(d. Plymouth),,,
DODGE,Thomas,master gunner of,,-208,1699,171
,,,"(architormentor of)H.M. Tower of London - legatees in Topsham, Devon)",,,
DODINGTON,"Charles,","gent, lieut in capt Waggett's coy",,-62,1696,46
,,"brig Erl's btn of foot, Plymouth, Devon",,,,
DOVEY,Jonathan,,"(Plymouth, Devon)",-43,1694,51
,,,"(H.M.S. ""Monke"")",,,
DOWDALL,John,merchant,city of Exeter,-112,1698,139
DOWNE,Richard,,Barnstaple,(nuncup) (14),1694,7
,,,,(sentence 173 Coker (1693)),,
DOWNE,Thomas,,Pinhoe,-63,1699,57
DRAKE,John,,"(bro. of Buckland Monachorum, Dev)",-230,1697,277
,,,(commander of (d. at sea in),,,
,,,"H.M.S. ""Seahorse"")",,,
DRAKE,"Katherine,",wid,Churchtaunton,-71,1695,47
,,,[Churchstanton],,,
DRAKE,"William,",arm. esq,Ivybridge,-218,1695,174
,,,(d. oversea),,,
DREWE,"Mary,",wid.,Exeter,-197,1699,155
DUCKE,"Richard,",esq,Mountradford,-29,1696,8
,,,[Plymstock],,,
DUNING,Cornelius,mar & cooper,Plymouth,-5,1697,6
,,,"(d. in H.M.S. ""Ipswich"")",,,
DURONG,Leonard,mar,(bro. of Plymouth),-172,1697,182
,,,"(d. in H.M.S. ""Romney"")",,,
DYER,Margaret. wid.,,Uffculme,-171,1696,200
EASTCHURCH,"William,",gent,"Lawell, Chudley",-232,1693,232
EDGECUMB,"Sir Richard,",bt,"Balneo, Mount Edgcumb, Devon",will registered 30 Ent (1689),1694,p30
,,,[Mount Edgecombe in parish Maker],,,
EDGER,Robert,(wid.),Devon,-81,1699,72
,,,"(ship ""Foresight"")",,,
ELLIS,Richard,sayler (bach),Clovelly,-171,1700,136
,,,,"(H.M.S. ""Northumberland"")",,
EXTON,Thomas,taylor,City of Exeter,-218,1695,175
FARRINGTON,Isay (Isaiah in Cal),mar,"Rotherhithe, Surrey",-177,1696,201
,,,"(H.M.S. ""Captain""; d. Plymouth, Devon)",,,
FARTHING,John,mar,Cullimton,-242,1695,233
,,,"(H.M.S. ""Colchester"")",,,
,,,[Cullompton],,,
FERRY,Richard,,"(wife of Wapping, Whitechapel, Midx)",,,
,,,"d. Plymouth, Devon",-119,1699,92
,,,"(H.M.S. ""Hampton Court""; ""Cumberland""; ""Rupert"")",,,
FINCHER,"Blanch,",wid.,"Exeter, Devon; Bristol",-157,1700,113
FLOYER,"Ellenor,",spin.,Topsham,-42,1695,209
FLY,John,mar,Brankston,-175,1697,184
,,,"(d. in H.M.S. ""Winchester"")",,,
,,,Branscombe,,,
FORTESCUE,"Robert,",gent,Filleigh,,1698,p228
,,,will registered 112 Bence (1676),,,
FROND,Peter,seaman,Paynton,-148,1695,129
,,,"(H.M.S. ""Capitain"")",,,
,,,"(d at sea in HMS ""Royal Sovereign"")",,,
FULFORD,"Francis,",esq,Fulford,-212,1700,122
,,,,Sentence,1700,196
FURZE,Humphrey,seaman,Paynton,-148,1695,129
,,,"(T.M.S. ""Royal Sovereign"" (at sea))",,,
GAMON,Phillip,clothier,Pilton,-93,1697,93
GANDY,"John,","esq., alderman",City of Exeter,-172,1696,204
GARRETT see JOLLETT,,,,,,
GEATHAM als GEATON,John,carpenter,Topsham,-94,1699,73
,,,"(H.M.S. ""Foresight"")",,,
GEOGHEGHAN,Thomas,captain in brig Thomas Earl's regt of foot,(city of Exeter),-86,1695,72
GILBERD,John,clothier,Tiverton,-230,1697,281
GILBERT,Thomas (senr),merchant,Tiverton,-85,1700,72
GILL,John,yeo,Bickley (Bickleigh),-50,1694,54
,,,,sentence,1694,21
GRAY,Robert,vintner,Axminster,-26,1695,24
HAGGETT,John,mar,born in Brandenburg,-235,1699,190
,,,"(H.M.S. ""(blank)"")",,,
,,,"(ship ""Exeter"" at Plymouth)",,,
HAINE,Thomas,mar,Thorncombe,-90,1695,74
,,,"(H.M.S. ""Archangel"")",,,
HALL,"Elizabeth,",wid,Plymouth,-26,1695,24
HAM,"John, gent",,Uplowman,-136,1694,154
HAMILTON,"James,",bach,Plymouth,-4,1698,10
,,,"(T.M.S. ""Bredah"")",,,
HAMLIN,Thomas,mar,Topsham,-77,1698,102
HANNIFORD,Andrew,mar,Kingsware,-119,1698,141
,,,"(H.M.S. ""Little Rusell"")",,,
HARTNUP,John,shipwright,"Stephney, Mdx",-196,1696,223
,,,(d. at Plymouth),,,
HAWKINS,John,mar,Plymouth,-10,1695,6
,,,"(d. in H.M.S. ""Samuel & Henry"" at sea)",,,
HAYMAN,John,mar,Exeter,-194,1695,149
,,,"(d. in) T.M. hired ship ""Loyal"" merchant",,,
,,,(at sea),,,
HAYNE,Willaim,esq.,Dartmouth,Sentence,1700,192
HAYNES,Richard,(wid) mar,Plymouth,-169,1697,185
,,,"ships ""Royal Katherine"" ""Swiftsure""",,,
,,,"(d. in H.M.S. ""George"")",,,
HELE,Nicholas,M.D.,Exeter,-230,1697,283
HELE,"William, gent",,Cornewood,-52,1698,72
,,,"(d. in St Andrew, Holborn, Lond.)",,,
HELLINGS,George,clothier,Culmestoke,-148,1695,131
HERBERT,Henry,mar,Topsham,-242,1697,286
,,,"(H.M.S. ""Duchess""; d. in H.M.S. ""Trident"")",,,
HEWES see HUGHES,,,,,,
HICKES,Dorothy,,(city of Exeter),-20,1700,24
,,,"St Eve, Cornwall",,,
,,,,Sentence,1700,191
HILL,Grace,,Ottery St Mary,-122,1695,116
HILSON,"John,bach",seaman,Plymouth,-38,1695,211
,,,"(d. in T.M.S. ""Advice""",,,
HINGSTONE,"Agnes,",wid.,Plymouth,-62,1696,49
HODY,"John,","arm., esq.",Nethway,-228,1698,250
,,,Kingswear,,,
HOLWAY,"Mary,",wid.,Dunkeswell,,1699,p157
,,,,will registered 64 Reeve (1678),,
HOOPER,"William,",gent.,Ottery St Mary,-100,1696,94
HOPKINS,"William,",gent,Bideford,-148,1695,131
HORNE,Samuel,merchant,"(native of Ead,Exeter)",-145,1697,161
,,,Ide (d. in Antigua),,,
HEWES,Robert,mar,Topsham,-8,1700,8
,,,"(ship ""Warspite"")",,,
HUGH,Henry,silk weaver,Exeter,-62,1696,49
HUGH,Thomas,yeo,Shabbrook (Shobbrooke),-92,1699,74
HUNT,"Edward,",clerk,Southmolton,-219,1695,179
HUTCHINGS,"John,",gent,Patrickstowe (Patrickson),,,
,,,[Petrockstowe],-130,1698,165
HYDE,Michael (senr),bookseller,Exeter,-182,1697,202
IFFE,James,boatswain's assistant,,-49,1694,57
,,,"(wife of How, Brimstock, Devon)",,,
,,,"(H.M.S. ""Experiment"" d. at sea)",,,
,,,[Plymstock],,,
JAGO,Joseph,mar,Plymouth,-229,1700,181
,,,"(St Olave, Southwark, Surrey, d. overseas)",,,
JENNINGS,"Elizabeth,",wid.,Plymouth,-194,1695,151
JENNENS,"Elizabeth,",wid.,Plymouth,-60,1698,75
JESSOX (JESSOPP),Samuel,mar,Plymouth,-152,1698,187
,,,"T.M.S. ""Crown""",,,
JOHNSON,Elias,mar,(exor of Plymouth),-26,1697,39
,,,"(d. O.H.M.S. in HMS ""Hampshire"")",,,
JOLLETT als GARRETT,Robert,pav(iour),(d. in Hospital in Plymouth),-242,1697,288
,,,"St Giles-in-Fields, Mdx",,,
,,,"(H.M.S. ""Montague"", Plymouth)",,,
JONES,"Elizabeth,",wife of John J Burlesombe (Boilescombe),,,,
,,,[Burlescombe],-239,1699,191
JONES,John,mar,Newport,-104,1696,93
,,,"(H.M.S. ""Montague"")",,,
JOPE,Thomas,mar,"Exeter; Rotherhithe, Surrey",-204,1697,241
KEIG(H)WIN,John,,Mousehole,-56,1694,57
,,,"but sick and (d. at) Huish, Devon",,,
,,,"[Mousehole, Cornwall]",,,
KELLOND,Charles,esq,Painsford,-194,1695,152
,,,[Ashprington],,,
KNIGHT,Nicholas,yeo,Broadhembury,-131,1697,142
KNOTESFORD,Thomas,apothecary,Plymouth,-157,1699,135
LAMPREY,John,mar,Branton,-27,1694,36
,,,"(H.M.S. ""Mitford"")",,,
,,,[Braunton],,,
LANDON,"Roger,",gent,"Lugwordine, Devon",-88,1696,73
,,,"(Herefs; d. St Martin-in-the Fields, Mdx)",,,
,,,[Lugwardine is a parish in Hertfordshire],,,
,,,,,,
LANE,Caleb,mar,Shout,-9,1697,12
,,,"(H.M.S. ""London"")",,,
,,,[Shute],,,
LANG,Ellis,ropelayer,"Oarston, Plymstocke, Dev (12)",,1700,9
LANGDON,George,mar,Ham,-189,1697,205
,,,"(H.M.S. ""Advice"")",,,
,,,"(ship ""Cumberland""; d. in ship ""Rupert"")",,,
,,,[?Abbotsham ?South Hams],,,
LANGDON,Gilbert,mar,(father of Brixham),-153,1696,187
,,,"(fireship ""Vesuvius"" d. O.H.M.S. at sea)",,,
LAWRENCE,Thomas,mar,Plymouth,-59,1698,76
,,,"(HMS ""Adventure"")",,,
LEACH,Charles,esq,Lane,---,1700,189
,,,(74 Sentence May 1720),,,
,,,?Pancrasweek,,,
LEATT,John,mar,Heavytree,-205,1698,235
,,,"(H.M.S. ""Sheerness"" galley)",,,
LEE,"Richard,",bach,St John. Exeter,-17,1694,13
,,,"(d. in HMS ""Lion"")",,,
LEE,"Roger,",gent,Sowton,-195,1695,153
LEVERTON,Thomas,mar (wid),"East Stonehouse,",-215,1695,182
,,,Plymouth,,,
,,,"(T.M.S. ""Deptford"")",,,
LEY,"Phillip,",gent,East Downe,--,1699,p221
,,,,will registered 61 Barrington (1628),,
LIBBY,Edward,mar,Plymouth,-134,1699,118
,,,"(ship ""Lowther"" galley)",,,
LIGHT,John,clothier,Plymouth,-67,1694,81
LIPINGCOTT,Henry,yeo,Culmstock,-32,1699,26
LLOYD,John,mar,Plymton St Mary,-159,1698,188
,,,"(T.M.S. ""Kingfisher""; HMS ""Dragon"")",,,
LOVELL,Francis,mar,Exeter,-155,1699,136
,,,"(H.M.S. ""Lancaster"")",,,
LOVERING,John senr,mar,Bideford,-228,1698,252
LOVEWELL,John,mar,"HMS ""Foresight""",-23,1697,34
,,,"(wife of Creechurch Lane, Lond.)",,,
,,,"(d. Plymouth, Dev)",,,
MACOMBER,Thomas,,city of Exeter,-49,1699,45
MAIN,Thomas,mar,Dartmouth,-196,1696,227
,,,"(d. in H.M.S. ""Prince of Orange"")",,,
MANATON,Ambrose,esq.,Killworthy,-27,1697,36
,,,[Tavistock],,,
MARSHALL,Edward Junr,,Uffculme,-49,1699,45
MARTIN,Robert,mar,(father of Ashburne),-29,1696,16
,,,[Ashburton],,,
,,,"(d. at sea in T.M.S. ""Devonshire"")",,,
MARTYN,John,esq,Plymouth,-153,1696,188
MARTYN,William,,Plymouth,---,1696,p153
,,,,will registered 46 Dyke (1690),,
MARWOOD,Daniel,esq,Coryton,Sentence,1694,263
,,,,will registered 44 Coker (1693),,
MARWOOD,"Frances,",wid.,"Blamphayne, Colyton",-85,1700,77
MAYNE,"Zachary,",gent,city of Exeter,-122,1695,119
MEACOCK,Thomas,,"St Botolph, Aldgate, Mdx",-44,1694,60
,,,"(d. Plymouth in H.M.S. ""Humber"")",,,
MENHEIRE,Thomas,merchant,city of Exeter,-12,1694,14
MERRIMOTH,John,,"Chardstock, Dorset",-36,1694,37
MILFORD,"William,",gent,Wickington,---,1697,p211
,,,,will registered 6 Essex (1648),,
,,,[South Tawton],,,
MILLER,Nicholas,mar,Kings Castle,-231,1695,241
,,,"(ship ""Albermarle"")",,,
,,,[Kingskerswell],,,
MILLET,Augustine,mar,Plymouth; Lond.,-60,1699,60
,,,"(ship ""Norwich"")",,,
MITCHELL,"Nicholas,",gent,"Gittesham, Dev","(131, 183)",1697,144
MOORE,Richard,mar,"Lond.; HMS ""Queen""",-74,1698,104
,,,"(""Albermarle""; Topsham, Devon)",,,
MORGAN,Robert,mar,par.of (blank) Clemorgan,-236,1695,241
,,,"(T.M.S. ""Monk"" d. in Plymouth)",,,
,,,"[Glamorgan, Wales]",,,
MORICE,"Anne,",spr,Werrington,-6,1696,142
,,,"St Mary Woolnoth, Lond.",,,
,,,"(d. Kensington, Midx)",,,
MOUNTSTEPHEN,John,tailor,city of Exeter,-122,1695,119
MUDFORD,"John, junr",merchant,Collompton,-101,1696,97
MUMFORD,William,mar,Dartmouth,-137,1694,158
,,,"(d. in ship ""Tiger"")",,,
NARRACOTT,John,,Dittesham,-31,1694,38
NEEDS,"Ames,",esq,Holcombe Regis,-92,1699,78
NEWBERY,Henry,yeo,Yartcombe,-172,1696,209
,,,Yarcombe,,,
NEWCOMBE,Henry,fuller,city of Exeter,-13,1694,15
NEWTON,Aneas,esq,Crabaton,-107,1694,132
,,,[Craberton @ Diptford],,,
NICHOLLS,John,mar,Stocontinee,-93,1697,100
,,,"(d. at sea in H.M.S. ""Centurion"")",,,
,,,[Stokeinteignhead],,,
NORCUTT als NORTHCOTE,"John,",bach mar,,-82,1699,18
,,,"(md sister of Flammington) (H.M.S. ""Norwich"")",,,
,,,[?Fremington],,,
NORTH,"Hannah,",spr,Churchtaunton,-83,1696,76
,,,[Churchstanton],,,
NORTH,"Mary,",spr,Churchtaunton,-191,1696,228
,,,[Churchstanton],,,
NORTHCOTE,"William,",esq,Newton St Cires,-117,1699,99
OLDNER,"Richard,",gent,Exeter,-202,1694,234
,,,"(d. St Margaret, Westminster, Mdx)",,,
OWEN,"John,",clerk,Tiverton,-26,1695,28
PAINE,Bennet,,Newton Pottleford,-245,1697,295
,,,"(H.M.S. ""Woolwich""; ""Greenwich"";",,,
,,,"d. in HMS ""Monk"")",,,
,,,[Newton Poppleford],,,
PARKEHOUSE,Robert,(father of,"Cidwell, Exeter, Devon)",-83,1696,77
,,,"(d. at sea in H.M.S. ""Suffolk"")",,,
,,,"[St Sidwell, Exeter]",,,
PARNELL,John,mar,Plymouth,-11,1696,145
,,,"(H.M.S. ""Devonshire"";",,,
,,,"d.in ship ""Colchester"")",,,
PARSONS,James,cit. & chirurgeon of Lond.,"(Stepney, Mdx;",-173,1697,189
,,,"d. in ship ""Victory"" at Torbay)",,,
PARSONS,Simon,clerk,Sidbury,-49,1694,62
PEARCE,John,innholder,Honyton,-112,1698,147
PEARD,Oliver,clerk,Barnstaple,-51,1697,61
PEARSE,"Thomas,",gent,Morebath,-197,1699,160
PENDER,Ingram,mar,"St Paul, Shadwell, Mdx",-107,1696,100
,,,"(H.M.S. ""Redbridge""; ""Ruby""; ""Content""",,,
,,,d. in Plymouth),,,
PHILLIPS als PHIPPS,"William,",bach mar,Slapton,-106,1695,103
,,,"(T.M.S. ""Advice"")",,,
PIERCE,James,mar,Marlborough,-155,1699,137
,,,"(H.M.S. ""Foresight""; d. in ship ""Gernoon"")",,,
PIERCE (signs PEARCE),John,late of terra noviter (New World),,-5,1698,17
,,,"(property in Totnes, Devon; overseas)",,,
PEIRSON,Richard,merchant,Plymouth,-169,1694,219
PENNY,John,mar,Hevitree,-64,1699,62
PETHERICK,"John,",bach mar,Silverton,-189,1695,158
,,,"(d. in T.M.S. ""Brittania"")",,,
PETT,Sarah,wid.,city of Exeter,-111,1695,102
PETTIN,John,merchant,Lymston,-173,1698,204
,,,[Lympstone],,,
PHILLIPS,Alexander,yeo,Sutcombe,-13,1695,10
,,,"(St Clement Danes, Mdx)",,,
,,,,,,
PINNEY,John,apothecary,Axminster,-31,1694,39
PLUMPTON,"Thomas,",bach shipwright,"Otterton, Exeter",-22,1695,29
,,,"(T.M.S. ""Centurion"")",,,
POTTER,Thomas,fuller,city of Exeter,-195,1695,157
POUND,Samuel,mar,"(exix of East Spratt, Shewellstone)",,,
,,,,-137,1697,146
,,,"(H.M.S. ""Eagle""; d. in HMS ""Pembroke"")",,,
,,,"[East Prawle, Chivelstone]",,,
PRANCE,Jonathan,baker,city of Exeter,-77,1698,106
,,,"(H.M.S. ""Pendennis""; ""Cambridge"";",,,
,,,d. O.H.M.S. overseas),,,
PRICE,"Alexander,","bach., mar",,(nuncup) (231),1695,244
,,,"(H.M.S. ""Suffolk"", ""Lenox"", ""Content""; ""Torbay""; hospital ship ""Concord""",,,
,,,in Plymouth Sound),,,
PRICE,Robert,mar,Plymouth,-137,1698,172
,,,"(H.M.S. ""Hampshire",,,
PRING(E),William,,Culmstock,-228,1698,254
PROUSE,Arthur,mar,Brixton,-32,1699,28
,,,"(H.M.S. ""Crown"")",,,
PROWSE,"Phillipe,",wid,Brixton,-14,1699,12
PULLEIN,Paul,esq,"Steart, Plymton St Mary (204)",1698,261,
,,,,Sentence,1699,207
PYNE,James,merchant,Exeter,,1694,p267
,,,,will registered 66 Exton (1688),,
[QUICK,"Charity,",wid.,"UpOttery, Dev - see ROWDEN]",,,
RADDON,"William, junr",mar,"Stockland, Dorset",-236,1695,245
RADFORD,Richard,yeo,"Neather Okeford,",-93,1699,80
,,,[Okeford],,,
RANDELL,George,mar,"(d. at sea in) T.M.S. ""Duchess of Salcombe""",-26,1695,31
RAWLINS see ROLLINS,,,,,,
RAWLINS,William,clothier,Uffculme,-173,1700,144
RAYMOND,Arthur,yeo,Axminster,(nun.cup) (27),1697,39
RAYMOND,Joseph,yeo,"Hawchurch, Dorset",-118,1700,87
REEVES,Thomas,mar,city of Exeter,-157,1694,198
,,,"(merchant ship ""Agreement""; d. in H.M.S. ""Mermaid"")",,,
REYNELL,Thomas,esq,West Ogwell,-49,1699,48
REYNOLDS,Caleb,chirugeon,Exeter,-185,1696,230
,,,"(ship ""Mary of Colchester""; d. in Barbadoes)",,,
RICE,Mary,wid.,Tiverton,-60,1698,261
,,,,Codicil (227),1698,256
,,,,Sentence,1698,265
RICE,Thomas,mercer,Tiverton,-211,1697,252
RICHARDS,"Edward,",gent,Kew,-68,1697,81
,,,[Kenn],,,
RICHARDS,Timothy,,Bampton,---,1694,p208
,,,,will regd 104 Vere (1691),,
RIDER,John,(wife of Plumpton St Mary),"(Stepney, Midx)",-227,1697,252
,,[Plympton St Mary],"(H.M.S. ""Sailor"". d. in H.M.S. ""Mary"" galley)",,,
ROBINSON,"William,",bach mar,,-29,1698,48
,,,"(d.in H.M.S. ""Ipswich"" at anchor Torbay)",,,
ROCK,Henry,mar,Swimbridge,-32,1699,30
RODD,"Bamfylde,",esq,Stoke Common,-14,1699,13
,,,[Stoke Canon],,,
RODD,"Bridgett,",wid.,Stoke Canon,-197,1699,161
RODD,"James,",gent,"Marpoole Hall,",-122,1695,65
,,,Withycombe-and-Rawleigh,,,
ROE,"John,","bach, mar",,-218,1696,259
,,,"(H.M.S. ""Dolphin""; ""Dover""; d. at Plymouth, Devon)",,,
,,,"(father of St James, Clerkenwell, Mdx)",,,
ROLLINS,Richard,mar,"ship ""Anglesey""",-107,1697,126
,[or ?RAWLINS],,"(d. at Plymouth, Devon)",,,
,,,"(father of Breaward, nr Monmouth. Glos.)",,,
ROOKE,"Joane,",wid,Dartmouth,-208,1694,236
ROUSE,"Katherine,",wid.,Faringdon,-173,1700,144
ROWDEN als QUICK,"Charity,",wid.,Uperterry (Up-Ottery),-204,1698,238
RUSSELL,Job,mar,Topsham,-136,1696,165
SAINTHILL,Peter,brazier,Tiverton,-150,1697,168
SAMFORD als SANFORD,Christopher,merchant,city of Exete,Sentence,1697,310
SANFORD,Thomas,mar,"Stephney, Mdx",-172,1694,221
,,,"(H.M.S. ""Reserve""; d. at Plymouth)",,,
SARGENT,"William,",bach mar,"St John, Wapping, Mdx; (138,156)??",1699,,
,,,"Plymouth, Devon","(229D, 256)??",1697,
,,,"(d. in H.M.S. ""Lincoln"")",,,
SAVERY,"Christopher,",gent,Cornwood,-35,1698,49
SAVERY,"Richard,",gent bach,"Slade, Cornwood",-230,1699,195
,,,,Sentence,1699,208
SAVERY,Robert,,"O Porto, Portugall",-153,1696,192
,,,"(Slade, [Cornwood,] Devon)",,,
SAVERY,"William,",arm. esq,"Slade, [Cornwood,] Dev",-204,1698,240
SAVORY,"William,",esq,"Slade, [Cornwood,] Dev",-122,1696,127
SCOTT,"John,","bach, mar",(exor of Plymouth),-87,1699,81
,,,"(H.M.S. ""Norwich"")",,,
SE(A)RLE,William,yeo,Dunkeswell,-43,1695,40
SEAVENS,John,mar,(exix of Plymouth,-188,1698,221
,,,(ship (blank)),,,
SEAWARD,John,mar,Topsham,-27,1695,33
SEYMOUR,"Dame Anne,",wid.,Berry Pomeroy,-219,1695,190
SHILSTON,Thomasine,,Exeter,-47,1696,38
,,,"(wife of Richard SHILSTON, Exeter)",,,
SHUCKBURGH,Richard,merchant,city of Exeter,-136,1694,161
SIKES,Samuel,merchant,Dartmouth,-155,1694,201
SILKWOOD,Robert,mar,"HMS ""Hampton Court"";",-164,1695,223
,,,"(d. in T.M.S. ""Sterling Castle"" or Plymouth, Devon)",,,
SKINNER,Robert,grocer,"St Stephen, Exeter",-232,1697,298
SLANNING,"Sir Nicholas,",kt & bt (knight of the Bath),"Mariston, Tamerton Folyett",,,
,,,,will registered 144 Fane (1692),,
SMALLY,Nicholas,mar,"Milbrooke, Plymouth",-75,1694,86
,,,"(d. in ship ""Sussex"")",,,
SMITH,Robert,M.D.,"city of Salisbury, Wilts",-172,1694,222
,,,"(d. in Hawkchurch, Dorset)",,,
SMURT,Robert,butcher,Culmestock,-93,1697,104
SMYTH,John,mar,(exor of Plymouth),-137,1697,149
,,,"(d.in) H.M.S. ""Hampshire""",,,
SOUTHCOTT,"George,",gent,"Poulshaise, Kilmenton, Dev",,,
,,,[Kilmington],-131,1698,174
SPARKE,Angel,,Exeter,---,1694,p31
,,,,will registered 35 Lloyd (1686),,
SPEED,Andrew,ironmonger,Twinton,-115,1694,140
,,,[Plympton],Sentence,1694,262
SPENCER,Richard,mar,"Ratcliffe, Mdx",-50,1696,39
,,,"(now in Plymouth, Devon)",,,
SPICER,"Hugh,",bach mar,(sister of Kenton),-157,1694,200
,,,"(H.M.S. ""Albermarle"")",,,
SPRAGE,John,M.D.,Plymouth,-230,1700,184
SPURWAY,Nicholas,merchant,Tiverton,-131,1698,174
STANICK als STABACK,Joseph,shipwright,"Westingmouth, Devon",-236,1694,257
,,,"(Rotherhithe, Surrey; d. in ship ""Hope"")",,,
,,,[West Teignmouth],,,
STARRE,Edmond,esq.,"Newcourt,Devon",-230,1700,184
,,,[?Topsham],,,
STARR,John,merchant,city of Exeter,-121,1700,89
STEED,Ezekiel,mercer,city of Exeter,-49,1699,50
,,,,,,
STEPENS (STEVENS),"Henry,",gent,Bucklandbauer,-114,1697,127
,,,[Buckland Brewer],,,
STEPHENS,"Godfrey,",bach mar & master's mate,Plymouth,-88,1697,103
,,,"(H.M.S. ""Hastings""; d. in ship ""Jane"")",,,
STERT,John,midshipman,(sister of Plymstock),-186,1695,162
,,,"T.M.S. ""Grafton""",,,
STEVENS,John,,,-24,1697,39
,,,"(d. in H.M.S. ""Hampshire"" at Plymouth Sound)",,,
STILE,Styll,brasier,Bampton,-156,1698,194
STOAKES,Thomas,mar,(father of Attingdon),-105,1696,102
,,,"(d. in H.M.S. ""Ruby"")",,,
,,,Atherington,,,
STOCKER,Andrew,mar,Dartmouth,-124,1696,127
,,,"(d. ship ""New Adventure' in Barbadoes)",,,
STOCKER,Charles,mar,Dartmouth,-49,1694,66
STOOKE,"John, senr",,Tinsham (Devon),-122,1696,127
,,,[Trusham],,,
STUCKEY,"Andrew, senr",merchant,Plymouth,-12,1700,13
STUCKLEY,"Susan,",wid.,Aston,will registered 175 Fane (1692),1697,p150
,,,"[Affton Barton, West Worlington, seat of STUKELEY family]",,,
STUTT,Thomas,merchant,Exeter,-169,1694,221
SYDENHAM,"George,",gent,Morebath,-27,1695,33
TACKE,Thomas,,Exeter,---,1694,p192
,,,,will registered 12 Cann (1685),,
TATERSHALL,"George, senr.",gent,Exbourne,-74,1700,65
TAYLOR,"John,","bach, mar",Newton Ferrers,-9,1697,19
,,,"(H.M.S ""Russell""; ""Burford""; d. in ""Lyon"")",,,
TAYLOR,"John,","bach, mar",(exix in Plymouth),-225,1694,258
,,,"(H.M.S. ""Hampshire"")",,,
TAYLOR,Richard,mar,(wife of Kingsbridge),-112,1695,107
,,,"T.M.S. ""Dover""",,,
,,,"(d. St Thomas Hospital, Southwark, Surrey)",,,
TEATE,Thomas,ropemaker,Plymouth,-93,1699,83
THOMAS,Richard,corporal (d. in) HMS 'Hampshire',,,1697,301
,,,,,1699,150
,,,"(1697, 235; 1699 170)",,,
,,,,Sentence,1699,204
,,,"(exix in 1697 will of Greenwich, Kent and in 1699 of Plymouth, Devon)",,,
THOMPSON,Valentine,mar,(wife of Howdone),-184,1697,215
,,,"(T.M.S. ""Berwick"";ship ""Royal Katherine"" d. O.H.M.S. at sea)",,,
,,,West Down,,,
TOLLER,"Stephen,",gent,"Peamon, Axminster",-13,1694,20
TOLMACH,(Hon) Thomas,esq,"St Anne,Westminster, Mdx;",-132,1694,162
,,,"(d. Plymouth, Devon)",,,
TOMKINS,"Thomasin,",wid.,Axminster,-93,1697,104
TOPLADY,John,cit & merchant taylor of,London,,1699,139
,,,,"-159,190",1699,164
,,,"(mar, H.M. hired ship ""Concord"" of Whitby",,,
,,,"H.M.S. ""Bristol""; d. in Plymouth, Devon)",,,
TOZER,"Susanna,",wid.,city of Exeter,-64,1699,64
TREFFRY,James,merchant,Plymouth,-233,1695,249
TRENCHARD,"John, senr",yeo,Thorncombe,-173,1698,207
TREVILL,Lethbridge,esq,Butshead,(no act),1700,190
,,,[St Budeaux],,,
TUCKER,John,merchant,city of Exeter,-195,1695,162
UDALL,Lionell,innholder,city of Exeter,-77,1698,109
VAUGHAN,"Charles,",esq,city of Exeter,-118,1699,104
VAVSOR,Roger,merchant,Dartin,-170,1696,213
,,,[Dartmouth],,,
VENMAN,John,yeo,"Heale, Bradninch",-67,1694,88
WADLAND,Thomasinne,,Biddeford,-146,1700,121
WAKE,John,mar,Brickson,-201,1697,216
,,,(d.overesas),,,
,,,[Brixham],,,
WALKER,Richard,chirugeon,Plymouth,-139,1694,163
,,,"(H.M.S. ""Fairfax"")",,,
WALLAND,"Edward, sen.",,Silferton (Silverton),-146,1700,121
WALROND,"Edmond,",esq,Bovey [Tracey],-50,1694,183
WARD,Thomas,mar,(bro. of Devonshire),-31,1697,43
,,,"(ship ""Ruby Prize""; d. in H.M.S. ""Duchess"")",,,
WARE,"Rigley,",gent,Sidbury,(122: Dec 1746),1696,130
WARREN,"Christopher,",esq,Plymouth,-13,1694,21
WARREN,"Nicholas,",gent,"Rew, Dev",,,
,,,,(231) Sentence Easter1701,1700,123
,,,,[this is exactly as it appears in the Vol 80 index],,
WARRIN (WAREING),Pascoe,mar,Plymouth,-192,1700,159
,,,"(d. in merchant ship ""Amity"" at sea)",,,
WATSON,John,clothyer,Collompton,-10,1695,15
WATSON,Peter,clothier,Cullompton,-30,1696,24
WATTS,Henry,clothier,Thorncombe,-221,1696,263
WEBB,Zachariah,mar,"H.M.S. ""Content"" prize",-224,1697,265
,,,"(d. at Plymouth, Devon)",,,
WEBBER,Thomas,clothier,Barnstaple,-28,1697,42
WEEKES,Samuel,fuller,Exeter,-48,1696,42
WEST,"George,",gent,Thorverton,-149,1695,138
WEST,"Mary,",wid.,Thorverton,-86,1695,82
WESTERNE,"Thomas,",gent,Stokedamerill,-192,1700,123
WESTRON,Marke,yeo,Uffculme,-28,1700,33
WETHERIDGE,"Moses,",bach mar,Wembury,-88,1694,111
,,,"H.M.S. ""Foresight""",,,
WHITE,"John, senr",,Coleridge,--,1698,p113
,,,,will registered 143 Cottle (1682),,
WHITE,Joseph,seaman,"T.M.S. ""Burford""",-96,1697,106
,,,"(d. in ship ""Medway"" at Plymouth, Dev)",,,
,,,"(exor of Rotherhithe, Surrey)",,,
WHITE,Richard,merchant,city of Exeter,-186,1698,222
WHITE,Thomas,mar,Plymouth,-52,1697,67
,,,"(d. in ship ""Hampshire""; O.H.M.S. at sea)",,,
WHITROW,John senr,merchant,Dartmouth,-64,1699,64
WHITROW,John junr,merchant,Dartmouth,-48,1700,41
WILKIN,John,mar,Tinmouth,-101,1698,135
,,,"(HMS ""Deptford"")",,,
,,,[Teignmouth],,,
WILLIAMS,Joachim,mar,Plymouth,-205,1694,238
,,,"(d. in HMS ""Scarborough"")",,,
WILLS,"Thomas,",gent,Exeter,-63,1696,56
WINSTON,Thomas,"commander ""Franck"" privateer",,-132,1698,178
,,,"(Plymouth, Devon; d. at sea)",,,
WOODROFFE,John,husbandman,Uffculme,-156,1698,195
WOOLCOMBE,"Elizabeth, wid.",,Ainsbury,-86,1695,82
,,,[Aylesbeare],,,
WREY,"Sir Bourchier,","bt., kt of the Bath",,-115,1697,132
,,,Tawstock,,,
WYNHAM,"Thomas,",gent,"Hawkchurch, Dorset",-160,1698,195
YEA,,Francisyeo,Studley (Audley),-35,1698,56
,,,[Stoodleigh],,,
YEABSLY,Stephen,mar,East Stonehouse,-184,1700,160
,,,"(H.M.S. ""Carlisle"")",,,
YOUNG,Nathaniel,merchant,Plymouth,-65,1699,65
