NAME,FORENAME,OCCPN/STATUS,PLACE,TYPE,YEAR,FOLIO,REGISTER
ALLEY,William,Bishop of Exeter,,,1570,10,Lyon
ALFORDE,William,,St Michell in Honyton,,1570,14,Lyon
,,,"Lyme Regis, Dor.",,,,
ALWAYE,Thomas,,Colompton,,1569,5,Lyon
AMADAS,William,,Plymouth,,1561,35,Loftes
AMEY,Thomas,,Tiverton,,1583,38,Rowe
ANDROWE,William,,Bediford [Bidefford],,1571,2,Daper
ANDROWE,William,the elder,Bedyford,,1576,9,Carew
ANDROWE,William,,Cales in Hispaine; Bedyford,,1579,44,Bakon
ARSCOTT,John,,Barstable (Barnestable),,1571,47,Holney
ARSCOTT,John,gentleman,"Dunsland, Bradiforde,",,1563,26,Chayre
,,,"Black Torrington, etc",,,,
ARSCOTTE,John,gent,Egbucklande,,1564,21,Stevenson
ARSCOTTE,Thomas,gentleman,Holdesworthy [Holsworthy],,1561,37,Loftes
ATCORTE,William,,"Stoke Underhadon, Pitminster, Som;",,1572,13,Daper
,,,Clehidon [Clayhydon],,,,
AVERY,Richard,,Newton St Cyres,Sentence,1571,31,Holney
AYLWORTH,John,esquire,"St Andrews, Holborn, London",,1575,4,Carew
,,,Hevitre [Heavitree],,,,
BAKER,John,,"Hewood, par Thoncombe",,1577,18,Daughtry
BAKER,John,,Ufcolmn,,1582,25,Tirwhite
BAKER,Richard,,dioc(ese of) Exeter,P.A. May 1570,,,
BAKER,Robert,,Ufcombe [Uffculme],,1566,4,Stonard
BAKER,Thomas,,Culmestock,,1574,21,Martyn
BAKER als MILLER,William,,Axmister,,1573,28,Peter
BALL,Christopher,,"Gidley als Godleygay, Chudley",,1580,18,Arundell
BALSTONE,Cecile,(Sisselye),"Hawkchurch, Dor.",,1567,5,Babington
BALSTONE,John,,"Bevie, par Hawkchurch, Dor.",,1568,6,Babington
,,,dioc(ese) Bristol,,,,
BARON,Richard,,Okehampton,,1565,1,Crymes
BASELEY,William,,Kylmenton [Kilmington],,1567,25,Stonard
BASLEY,Henry,,"Wellington, Som., Uffculme",,1577,40,Daughtry
BARUM/BARNE,Robert,,"Saltcombe, Mylles of Sydmothe",,1568,21,Babington
BASSETT,Mary,widow,"Sandwiche, Wodnesborowe, Kent;",,1572,11,Daper
,,,Devon,,,,
BATTYN,John,,Plimpton St Mary,,1580,45,Arundell
BEAPLE,Alexander,gent,Fremynton,,1576,11,Daughtry
,,,,Confirmed by Sentence,,,
,,,,17 Feb 1578,,,
,,,,revoked 26 Nov 1580,,,
,,,,Sentence,1578,9,Bakon
BEAPLE,Thomas,,Barnstaple,with sentence,1575,50,Pychering
BELLEW,William,esquier,"Asherogus, Alscott, High Braye",,1578,27,Langley
,,,(Alverdiscott),,,,
BELMY,John,,Axmister,,1572,6,Peter
BEMBURIE,John,,Plymouth,,1564,21,Stevenson
BENNET,James,,Holcombe Rogus,,1565,6,Crymes
BENNET,Ralph,,Brodcliste,,1568,24,Babington
BENNETT,Richard,,Chudley,Sentence,1582,30,Tirwhite
BENSON,Peter,stationer,Exeter,,1583,40,Rowe
BERRY,Anthony,esquyer,"Estleighe, par Westleighe",,1579,33,Bakon
BERRYE als SAUNDER,Edward,,Tyverton,,1575,54,Pychering
BERRYE,Thomas,"the elder, gent.",Braunton,,1574,9,Pychering
BLACKHALL,Hugh,,citie of Exeter,,1572,5,Peter
BLAKMORE,Elizabeth,,Tottenes [Totnes],,1578,2,Bakon
BLUET/BLEWETT,Roger,"esquire, knight",Holcomb Rogus,,1566,14,Crymes
BLUNTE/BLONTE,Sir Richard,knight,"Mapalderamgorne, Oxford;Sussex;",,1564,25,Stevenson
,,,Bucks; Middx; Som.; Thorncombe,,,,
,,,"dying in precinct St Catherine,",,,,
,,,Tower of London,,,,
BODICHE,John,,"Charmouth; Hawkchurch, Dor.",,1568,20,Babington
BODLEIGH,John,esquier,"Dunscombe, par Crediton",,1566,2,Stonard
BODLEIGHE see,,,,,,,
PRESTWOODE,,,,,,,
BONDE,John,,"Crawley, par Chardstock, Dor.",,1576,22 & 27,Carew
BONDE,Thomas,,"Chardistocke, Dor.",,1568,1,Sheffeld
BONNER,John,,Axmister,,1573,1,Martyn
BONVILE,Humphrey,,"Ivebridge, par Ermington",,1573,12,Peter
,,,,Sentence,1574,11,Pychering
BOROUGHE,John,,Northam,,1570,4,Holney
BOURNE,William,,Colyton,,1558,54,Welles
BOVETT,John,the elder,Stockland,,1567,18,Stonard
BOWDEN,John,gent,"Lions Inn, St Clement Danes,",,1580,29,Arundell
,,,London; Torrington,,,,
BOWRMAN,Isabel,widow,"Ilebruers, Taunton, Som.;",,1580,37,Arundell
,,,"Combe, Hemyocke, Wollavington",,,,
BRAGG,Hugh,,Axminsster,,1577,18,Daughty
BRAGG,William,,"Holdydg, par Thorncombe",,1579,49,Bakon
BROKE,Sir George,knt;,Kent; Som.; Devon; Wilts; Beds;,,1560,58,Mellershe
,,Lord COBHAM,City of London;,,,,
BROKE,Thomas,,"Fynefordes, par Uffculme",,1576,21,Carew
BROKING,Nicholas,,Totnes,,1579,25,Bakon
BROUKE als BUTSON,Anthony,,Kentesbear,,1569,2,Lyon
BUCKENAM,William,,citie of Excester [Exeter],,1563,42,Chayre
BUDOCUSSHED,Philip,,Dioc of Exeter [no place name],,1570,31,Lyon
BULLER,John,"the elder, gent.",Exeter,,1560,56,Mellershe
BULLER,Robert,gent,Exon [Exeter],Sentence,1577,28,Daughty
BULLER,Robert,gentleman,Exeter,,1577,35,Daughty
BULLOCKE,Thomas,,"Myddelton, par Butterley",,1573,16,Peter
BULLYE,John,,Brodhempston; Staverton,,1568,15,Babington
BURCHE,Thomas,,Topisham,,1576,2,Daughty
BURGES,William,,"Harragrove, par Peterstaly",,1575,25,Pyckering
,,,[Tavy St Peter],,,,
BUTLER als WALTER,John,,Sampford Arundel;Colom Pyne,,1580,40,Arundell
,,,(par of Clayhidon) Lupett etc,,,,
BUTSHON,John,,"Uscombe, Devon (?Uffculme)",,1570,7,Lyon
BUTSON see BROUKE,,,,,,,
CAPRON,Richard,,Tyverton,,1569,22,Sheffelde
CARELES,Richard,,"Cullington, Devon; St Clements in",,1578,45,Langley
,,,"Eastcheapes, London",,,,
CAREW,Sir Peter,knight,Monhonesotreye,,1575,1,Carew
,,died in Ireland,"(Mohun's Ottery, Lupitt)",,,,
,,,"Baron of Odrone als Idrone,",,,,
,,,"co. Catherleighe, Ireland",,,,
CARPENTER,John,,Exeter,Sentence,1571,47,Holney
CARPENTER als,John,clothier,Colyton,,1580,4,Darcy
RAWLIN (RAWLYNNE),,,,,,,
CARSEWELL,Helen,,Culliton [Colyton],,1571,41,Holney
CARSWELL,Henry,,"Totnes, Teynmouth, Harberton,",,1581,44,Darcy
als DEDLAKE,,,"Ashpurton, Dartington, Rattray,",,,,
,,,"Newton Bushell, Widecombe",,,,
CARY,Thomas,esquier,Cokington,,1587,11,Stonard
CASTELL,John,gentleman,Aishburie (Ashbury),,1573,37,Peter
,,,,Decree agnst admon Feb 1578,,,
,,,,cessate grant 4 Nov 1587,,,
CAVELL/COVELL,Thomasine,,Bradford,,1562,30,Streat
CERVINGTON,Agnes,widow,Tavistock,,1571,23,Holney
,,,,Ad de bono 14 May 1574,,,
,,,,Ad. de bono 18 Jan 1574/5,,,
CERVINGTON,John,gentleman,Tavistock,,1563,17,Chayre
CHAFFE,Robert,alderman of,"Exeter; Wellington, Som.;",Ad de bono. Jan 1620,1580,31,Arundell
CHALLES,John,clothier,Brodhembury,,1565,15,Morrison
CHAMPERNOWNE,Sir Arthur,knt,Dartington,,1578,16,Langley
CHAMPERNOWNE,Henry,esquier,Modburye,,1570,33,Lyon
CHAMPNES,John,gent,Ufcolombe,,1568,5,Sheffelde
CHAPPELL,Humphrey,,Chetilhampton (Chittlehampton),,1561,18,Loftes
CHAPPELL,John,,"Tawton, Som.; born in par of",,1561,18,Loftes
,,,"Chittelhamton, Devon",,,,
CHAPPELL,William,mayor of,"Exeter, Larkbear, Exeter,",,1579,6,Arundell
,,,"Sydbury, Clyst St George,",,,,
,,,"Iddesleigh, Brodclyst",,,,
CHARLES,John,esquire,Tavistocke,,1564,11,Stevenson
CHARLES,John,gentleman,"Inner Temple, London; Tavestocke",,1568,17,Babington
CHASE,Richard,,Axmister,,1573,10,Peter
CHECHESTER,Sir John,knight,"Ralegh, Devon",,1572,43,Daper
CHIDLEY,John,,"Stroude, Dorset; Thorncombe",,1571,29,Holney
CHINGE,William,,Bediford (Bideford),,1573,30,Peter
CLASHE,Roger,,Collonton (Collumpton),,1559,19,Chaynay
CLERKE,Henry,,"Dallwood, Dor.",,1568,14,Babington
,,,"St Edmunds, Sarum (Salisbury)",,,,
CLINCH,Robert,,Plymouth,,1573,38,Peter
CLOTWORTHIE,Antony,,Filleighe,,1569,15,Sheffelde
CLOTHWORTHY,Thomas,esq,"South Molton; Wynckley Tracey,",,1581,25,Darcy
,,,"Fishby, Sturte, Glos",,,,
CLYFFORD,Anthony,esq,"Burscombe, Wilts; Manor of",,1580,51,Arundell
,,,Kingstenton (Kingsteignton);,,,,
,,,"Dyers in Allington, Devon",,,,
COCKESDEN,William,gent,"Cockesden, par Chardstock;",,1580,5,Darcy
,,,"Tyderley, Dor.; Axminster",,,,
COCKRAM,John,merchant,Columpton,,1572,33,Daper
COGAN,Thomas,,"Chard, Somerset; Chagford,",,1580,46,Arundell
,,,"Exeter; Saltash, Cornwall",,,,
COGGAYNE,John,,"Ilminster, Som,; Honiton",,1580,6,Darcy
COGGIN,Robert,,"Estelay, par Axminster,",,1575,41,Pyckering
COLCHARD,John,,Brodeninche (Bradninch),,1573,1,Martyn
COLE,John,,Columpton,Adebono 24 Oct 1564,1564,19,Stevenson
,,,,Ad de bono 21 April 1575,,,
COLE,Nicholas,,Paynton,,1572,35,Daper
COLE als POLLARDE,Elizabeth,,"Slade, par Cornwood",,1574,22,Martyn
COLLES,Humphrey,esquire,"Barton, Somerset; Denton, Kent;",,1571,24,Holney
,,,"Middleton, Devon",,,,
COLLIMORE,Robert,,Morthowe (Morthoe),,1566,4,Stonard
COLLINS,John,,"Crailway, par Chardstock, Dor.",,1569,1,Lyon
COLLYN,John,mariner at sea,Totnes,,1565,26,Morrison
COLLYNS,Robert,,Kingiswere (Kingswear),,1566,23,Crymes
COLLISCOTE,Edward,,Barnestaple,,1569,12,Sheffelde
COLMAN,Robert,,Tyverton,,1578,12,Langley
COLWICK,Robert,,Tyverton,,1564,33,Stevenson
CONSIT,Syr John,prieste & vicar,St Peters (Cathedral) in Exon,with sentence,1562,11,Chayre
,,chorall,,,,,
COOKE,Alice,,Ufcolme (Uffculme),,1568,5,Sheffelde
COOKE,Thomas,,"Pidleigh, Estworlington",,1563,41,Chayre
COOMBE see HAWKINS,,,,,,,
CORAM see NORTHAMPTON,,,,,,,
COSBY,Joan,wife of Walter,Great Totnes,,1580,6,Darcy
COULTON,Robert,,Hurberton (Harberton),,1574,20,Martyn
COVELL see CAVELL,,,,,,,
COWDE,Bartholomew,clerke vicar of,"Coleridge; Spaxton, Ashehold, Som.",,1575,35,Pyckering
COXE,William,,Uplyme,,1560,53,Mellershe
COXTON als MOGRIDGE,Emlin,relict Thomas,Collompton,,1563,10,Stevenson
,,MOGRIDGE-wife,,,,,
,,of Thomas COXTON,,,,,
CRABBE,John,,"Blackeyeate of Showte (Shute),",,1571,8,Daper
,,,par of Colyton,,,,
CRANDON,Joan,,"Chardstock, Dor.",,1581,27,Darcy
CRAYFORDE,Robert,gent,"Chardstocke, Dor.",,1574,15,Martyn
CRICHE,John,clerk parson of,"Chesilborough, Som.;",,1578,29,Langley
,,,"Chardstock, Dor.",,,,
CROFT als CROFTON,Christopher,clerke,Exeter Cathedral,,1559,15,Chaynay
CROKEHAY,John,,"Plymouth; at sea, died in parts",,1573,2,Martyn
,,,beyond the seas,,,,
CRONGE,William,gentleman,"Blakesley, Northants; Devon",,1571,39,Holney
CROPE,Philip,,Kenton,,1569,10,Sheffelde
CROSSE,Christina,,Uffculme,,1570,5,Holney
CROSSE,John,,Lytleham,,1575,46,Pyckering
CROSSE,John,,Clehanger (Clayhanger),,1582,30,Tirwhite
CROSSE,William,,"Monte, par Kings Pyon, Hereford;",,1580,3,Darcy
,,,Radnor; Bath;,,,,
,,,Collyton-Haven (?Devon),,,,
CROSSINGE,Alexander,,Brodehempston,,1573,30,Peter
CRUSE,John,esquire,Marchante Cruse,,1577,14,Daughtry
,,,(Cruwys Morchard0,,,,
CUTTIFORDE,William,,Plymouth,,1582,4,Rowe
DARTE,John,,"Barnestable, Pylton,",,1576,31,Carew
,,,"Chittlehamton, Tawton Bishoppe",confirmed by Sen. Diff. 1584,,,
,,,Fremington,,,,
DAVY,John,"the elder, gent",Crediton,,1576,28,Carew
DAVIE,Robert,,Credyton als Kyrton,,1570,22,Lyon
DEDLAKE see CARSWELL,,,,,,,
DELVE,John,,Greater Torrington,,1582,34,Tirwhite
DENNYS,Elizabeth,widow,Holcome (Holcomb Burnell),,1561,26,Loftes
DENNYS,Sir Thomas,knight,Exeter,,1561,20,Loftes
,,,,see will of Starkey,1544,37,Pykering
DEYMAN,Thomas,,"Tyverton, Collyprest (nr Tiverton)",,1582,4,Rowe
DILLING,Robert,,"Chardstock, Dor.",,1569,14,Sheffelde
DILLAN,Elizabeth,widow,Bratton (Bratton Fleming),,1567,16,Stonard
DILLON,Henry,esquire,"Chimwell, par Bratton Flemynge",,1579,35,Bakon
DILLON,Robert,esquire,Chymwell (Bratton Fleming),,1568,11,Babington
DODDES,Gregory,dean of,Excester (Exeter),,1570,39,Lyon
DODINGTON,Joan,widow of Peter,"Meere, Wilts; citye of Exon",,1576,20,Carew
,,DODINGTON esq.,"par Fidington, Somerset",,,,
DOTYN,John,clerk parson of,"Awton Giffarde, (Aveton Giffard);",,1562,29,Streat
,,,Oxford; Cornwall; Somerset,,,,
DOWNEY,Robert,,"Bannysomb, par Ufcombe",,1569,17,Sheffelde
DOWSE,Walter,,"Totness, Bery Pomeroy,",,1580,28,Arundell
,,,Dartington,,,,
DRAKE,Amye,,Musberye (Musbury),,1578,4,Bakon
DRAKE,Gilbert,gent,"Littleham, Woodbury, Ailesbeare",,1580,16,Arundell
DRAKE,John,,Plymouth; died beyond the seas,,1573,7,Martyn
DRAKE,John,,Plymouth,Sentence,1575,43,Pyckering
DRAKE,Margaret,,Citie of Exeter,,1570,10,Lyon
DRAKE,Matthew,,"par Trinitie, Dioc. Exeter",,1569,19,Sheffelde
DRAKE,Matthew,,"par Trinitie, Exeter (Holy Trinity)",,1572,44,Daper
DREW,Matilda,,Newton St Cers (Cyres),,1580,23,Arundell
DUCKE,Philip,,Heavitree,,1566,30,Crymes
DYNHAM,Henry,,Holcomb Rogus,,1571,26,Holney
ESTON,Evan,gentleman,Dartmowth,,1571,11,Holney
ESTON,Richard,,cittie of Exeter,with sentence,1572,20,Daper
,,,,P.A. followed by grant in full,,,
EBBESWORTH,Robert,,Bridstowe,,1566,30,Crymes
EDGEBASTON,Henry,,"par Barkinge in Towre strete, London",,1563,33,Chayre
,,,Collompton,,,,
EGGECOMBE,Sir Richard,knight,Mountedgecombe,,1562,12,Streat
EDGAR,John,,Thorncombe,,1580,33,Arundell
EDGCOMB,Richard,the elder,Tavistocke,,1578,5,Bakon
EDWARDS als EWENS,Edith,widow,"Uffcolmbe, Dunkeswell",,1571,31,Holney
EDWARDS als EWENS,John,,Ufcolmbe,,1569,13,Sheffelde
ELLIET/ELYOTT,Richard,,Stoke Gabrell,,1574,26,Martyn
ELLYOTT,Robert,,Morshard Bishopp,,1560,34,Crymes
ENGLISHE,John,senr,Totness - at sea,with sentence,1574,46,Martyn
,,,,will regd also,1551,27,Bucke
,,,,with sentence 1572,,46,Martyn
,,,,Ad de bono 1 April,,,
ERLE,Walter,esq,"Charlborough, Dor.; Axmouth;",,1581,42,Darcy
,,,"Morden, Almer",,,,
ESCOTT,George,gent,"Chawley, Colridge, Nymet Rowland,",,1580,51,Arundell
,,,"Cholmey (Chulmleigh), Laxford",,,,
FACY,Peter,,Uffcolmbe,,1573,41,Pyckering
FAWELL,William,Bishop of Hippo,Exeter Cathedral (reidentiary),and sentence,1559,52,Chaynay
FENNE,John,citizen & marchant,"of St John Evangilist, London;",,1576,39,Carew
,,tailer,?Devon,,,,
FITZJAMES,James,,"St Mary Steppes, citty of Exon",,1574,43,Martyn
FORLONGE,John,the elder,Tamerton,,1564,32,Stevenson
FORD,Robert,gentleman,Plymtree,,1575,3,Carew
FORTESCUE,Richard,gent,"Brixton, Plympton St Mary;",,1580,15,Arundell
,,,"St Andrews, Holborn, London",,,,
FOURDE,John,,Plymouth,,1577,2,Langley
FRANCKLYN,Thomas,,Showte (Shute),,1570,19,Lyon
FRIER,Philip,clarke,Brente,,1561,13,Loftes
FRYER see PHREER,,,,,,,
FRYER als QUINTIN,Henry,,Colyton,,1571,14,Holney
FURSEMAN,John,senior,Kingsweare,,1562,30,Streat
GALL,Francis,,"St Mary Steppes, Exon [Exeter]",,1575,49,Pyckering
GAMON,John,,Axminster,,1575,49,Pyckering
GAMON,Richard,clarke,"Brixham, Rockbeare",,1573,29,Peter
GAYDON,Thomas,,Ufcumbe,,1574,43,Martyn
GERNE,Richard,,"Dallwood, Dor.",,1570,5,Holney
GIBBES,John,,Pilton; Thorncombe;,,1581,42,Darcy
,,,"Canington, Som.",,,,
GILL,Agnes,widow,"Chardstock, Cholsell, Dor.",,1583,35,Rowe
GILL,John,,Tavistocke,,1571,20,Holney
GILL/GYLL,Stephen,,"Whitford, par Shute",,1564,31,Stevenson
GILL,Stephen,,"Whitford, Shute",,1571,29,Holney
GILL,William,,"Whiteforde, par Shute",,1563,29,Chaytre
GLANFELD,Richard,,Paington,,1572,37,Daper
GLANVILE,John,the elder,Tavistock,,1579,7,Arundell
GODWYN,THomas,esquire,"Sainte Buthulpe without Aldersgate,",,1565,6,Crymes
,,,"London; Thorneton, Peyhemburie,",,,,
,,,Plymtree,,,,
GOODMAN,John,,"Sadborow, par Thorncombe",,1578,16,Langley
GOODRIDGE,Robert,,"Uscombe (Uffculme), Kentsberie",,1570,15,Lyon
GREGE,Thomas,,"Sainte Keirans, Exeter",,1561,15,Loftes
GREYNEFELDE/,Roger,,"Bastable (Barnstable), Bedyford,",,1579,15,Bakon
GRAYNEVILE,,,"(Bideford), Chevener",,,,
GRIFFYN,William,,Yarticombe (Yarcombe),,1581,27,Darcy
GRYFFYN,Peter,clothier,South Molton,,1571,20,Holney
GRIGGE,Thomas,,"St Kidrans (Kerrian),",will regd,1561,15,Loftes
,,,city of Exeter,P.A. 12 May,1568,,
GRILLS,William,the elder,Tavistocke,,1577,2,Langley
GRINDLE,Robert,,Otterton,,1579,42,Bakon
GROBEN,John,,"Chard, Som.; Thorncum",,1558,53,Welles
GROPALL,John,,City of Exeter,willregd,1554,10,More
,,,,P.A. 3 July,1564,,
GUPPY,John,,"Cleyhill, par Axmister",,1582,29,Tirwhite
HACKWELL,Joan,widow,Great Torrington,,1575,15,Pyckering
HACKWELL,William,,Great Torrington,,1573,3,Martyn
HAGLEY,Richard,,Halberton,,1567,25,Stonard
HAMLYN,Robert,clarke,"Vicar of Milton Abbot,",,1561,17,Loftes
,,,dwelling in Tavistock,,,,
HANNAFORD,Edward,,"Hole, Stoke, Ratterie",,1576,27,Carew
HANNCHOX,William,,"Chemmick, Devon; Wells, Som.",,1580,38,Arundell
HARRYS/HERRYS,Henry,,Exeter,,1559,3,Mellershe
HARTE,Helena,,"Uplime, Axmister; Dalwood, Dor.;",,1578,32,Langley
,(Elianora),,"Crokeherne (Crewkerne), Som.",,,,
HARTE,James,,Burlescombe,,1570,16,Lyon
HARTE,Sir Percival,knt,"Lullingstone etc, Kent;",,1580,19,Arundell
,,,"St Marg. Pattens,London; Belsted,",,,,
,,,"Washbrook, Suffolk; Berks; Oxon;",,,,
,,,Southpole (South Pool),,,,
HARTNOLL,Thomas,,Tyverton,,1576,22,Carew
HARVEST,Cecile,widow,"Crookesmill in Urchfont, Wilts;",,1581,21,Darcy
,,,"Colyton Haven, Devon",,,,
HAWKINS als COOMBE,John,,Axmister,,1561,34,Loftes
HAWLEY,William,esquier,"Bucklandpryony, Som.; Brodeclist",,1567,31,Stonard
HAYES,Robert,gentleman,Witheridge,,1574,40,Martyn
HAYMAN,Robert,,Newton Abbott,,1577,12,Daughty
HAYSET,John,,Blackthoriton (Black Torrington),,1572,24,Daper
HE(E)LE,Hugh,,"Newton Ferris, Blackawton.",,1575,27,Pyckering
,,,"Holberton, Ugbrough, Modburie",,,,
,,,Pai(g)nton,,,,
HELLYER,Margaret,,Combe Pyne,,1573,1,Martyn
HELYAR,John,,Combeigne (Combe Pyne),,1563,17,Chayre
HENNING,Richard,,Collompton,,1565,11,Babington
HENSLEY,David,clerk parson of,Kenn,,1573,32,Peter
HERNE,William,clarke,"par of Ste Petrock, city of Exeter",,1566,20,Crymes
HERON,Richard,,Ilfercombe,,1577,46,Daughtry
HEWES,John,,Barnescombe (Branscombe),,1570,10,Lyon
HEWES,Robert,,Branscombe,,1571,29,Holney
HEWETT,Alice,,Shute,,1571,47,Holney
HEWYTT,John,,"Somerset; Whiteford, Shute",,1576,9,Carew
HEYNSON,Richard,clerk,"St Mary the More, Exeter",,1561,38,Loftes
HEYS,Edmund,gentleman,Axmouth,,1572,6,Peter
HILL,Andrew,,Yede (Ide),,1570,6,Holney
HILL,John,,"Borlescombe, dioc Exon (Exeter)",,1569,22,Sheffelde
HILL,Oliver,esquire,Shilleston (Shelston),,1574,18,Martyn
HILL als SPURWAYE,William,,Ockforde (Oakford),,1577,11,Langley
HIPPO see FAWELL,,,,,,,
HITCHOCK,Barbara,,Thorncombe,,1577,39,Daughtry
HITCHECOCK,Robert,,"Clapton, par Crookern,",,1571,1,Daper
,,,(Crewkerne) Som.; Thorncombe,,,,
HITCHCOCK als HOBHOUSE,Thomas,,Holcombe Rogus,,1575,53,Pychering
HOCKMORE,Gregory,esquier,"Comb in tyn hed, Stoke in tyn hed,",granted revoked &,1572,18,Daper
,,,(St) Maryechurch,newer 10 Oct 1572,,,
HODY,William,,"Nigheway, par Brixham",,1579,41,Bakon
HOLBEARE,John,esquire,Holbeame [East Ogwell],,1567,14,Stonard
HOLCOMB,John,gent,Crediton,,1581,36,Darcy
HOLLAND,John,clk,"Lowgh, Lincoln;",,1579,4,Bakon
,,,Colliton Haven (?Devon),,,,
HOLLWYLL als HOPPIN,John,,Woodberry,,1568,20,Babington
HOOKE,Richard,senior,"St Saviours, Dartmouth",see P.A. 10 June 1580,1579,41,Bakon
HOOPER,Edward,,Thorncombe,,1577,26,Daughtry
HORE,Richard,,Musburie,,1569,5,Lyon
HOWE,John,gentleman,"St Helens, London;",,1574,39,Martyn
,,,"Uffulme, where I was born",,,,
HOWE,Thomas,,Uffcolumbe,,1580,25,Arundell
HUKELEY,Richard,,Tyverton,,1574,3,Pyckering
HUNT,George,,"Saint Petrock,citie of Exeter",,1565,29,Morrison
HUNT,Thomas,alderman of,Exeter,P.A. 12 June,1559,,
HURDE,John,,Estmembry (Membury),,1573,18,Peter
HURSTE,William,,citie of Exeter,,1568,8,Babington
HUSSEY,Richard,,"Cradock, par Ufcolumb",,1568,5,Sheffelde
HUTCHINGS,John,,Upantry (Upottery),,1574,18,Martyn
HUTCHINS,John,,Exeter,,1582,42,Tirwhite
HUTCHINS/HOWCHINGE,Nicholas,,Tavistocke,,1561,5,Streat
ILCOMBE,John,the elder,Plymouth,,1583,20,Rowe
IRISH,Robert,,"Smaleridge, par Axmyster",,1576,36,Carew
JAMES als ROO,John,,Culmstock (Culverstock in P.A.),,1567,32,Stonard
JEFFERY,Jefferey,,dioc Exon (Exeter),Sentence,1559,21,Mellershe
JAXSON,John,clerke vicar of,Kenton,,1572,29,Daper
KARSLAKE,William,,Knowston,,1572,2,Peter
KELLWAYE,Simon,esquire,Collompton,,1569,22,Sheffelde
KELLEY,Robert,,Powderham,,1573,32,Peter
KENSBURY,Ralph,,Axmister,,1588,15,Babington
KING,Johan,widow,"Smalridge, Axeminster",,1559,31,Chaynay
KNIGHT,John,,"Busen, par Stokenham",,1583,27,Rowe
KNIGHT,John,,Yarcombe,,1573,21,Peter
KNIGHT,Simon,,"Exeter, Mortonhampstead,",,1583,42,Rowe
,,,North & South Bovey,exors renounced May 1584,,,
KNOLLING,John,the elder,"dioc of Exeter, of Milton",Will regd,1556,8,Coode
,,,,P.A.20 Sept,1566,,
KNOLL?KNOWLS,Edward,thelder gent,Uphempston,,1572,13,Daper
KYTE,John,,"Stockland, Dorsset",P.A. 20 Feb 1572 viod,1573,16,Peter
,,,,another will 6 May 1573,,,
LABDON,John,,London; Exeter,,1573,10,Martyn
LACY,David,,Totness,,1581,30,Drury
LAKE,Joan,widow,Plymouth,,1563,34,Chayre
LAKE,Margery,widow,"Exeter, Totnes",,1566,27,Crymes
LAKE,William,,Plymouth,,1562,9,Streat
LANDE,John,,Tyverton,,1574,3,Pyckering
LANE,William,,Clistheydon (Clyst Hydon),,1570,21,Lyon
LANGBRIDGE,Agnes,widow,Burlescombe,,1582,14,Rowe
LANGBRIDGE,John,,Burlescombe,,1570,16,Lyon
LANGDON,John,thelder,"Dainton, par Ipplepen",,1579,25,Bakon
LAUDE,Anthony,merchant,Tiverton,,1580,36,Arundell
LAWRY,John,,Plymouth,,1561,38,Loftes
LEE see LIGHT,,,,,,,
LEIGH als RUDGE,Peter,,Nymettepi (Bishop's Nymett),,1572,21,Daper
LEMAN,Robert,,Ufcomb (Uffculme),,1570,16,Lyon
LENTALL,Edmond,,Muncton (Monkton),,1559,3,Chaynay
LENTALL,William,gent,"Monkton, Honiton",,1580,23,Arundell
LEY,Henry,,Greate Torrington,,1582,47,Tirwhite
LEY,William,,Great Torrington,,1580,20,Arundell
LEYMAN,Margaret,widow,Ufcombe,,1570,32,Lyon
LIDSTON,Edward,,Dartmouth,,1578,40,Langley
LIGHT als LEE,John,,"Whypton, par Hevytree",,1574,28,Martyn
LITTLEJOHN,Ann,,Columpton,,1578,3,Bakon
LITTLETON,Thomas,esquer,"Landidrock, Cornwall; Totnes,",,1578,20,Langley
,,,"Herberton (Harberton),Modbery",,,,
LONGE,John,,Topsham,Ad De Bono 16 June 1570,1579,10,Lyon
LOSEMORE,George,,Tiverton,,1561,4,Streat
LOVEYS,Leonard,esquire,"Ogbeare,Trevisquitt,St Mabyn, Cnwll;",,1576,18,Carew
,,,"Heaton, Clawton",,,,
LUGG,John,,Axminster,confirmed by sent. diff.,1577,26,Daughtry
,,,,28 Feb 1578,,,
LUGG,John,,Axminster,Sentence,1578,9,Bakon
LUGGE,John,,Compyne (Combe Pyne),,1568,13,Babington
LUMARRDE,William,,Thorncombe,,1572,6,Peter
LUMBERT,Joan,,"Ilbruers, (?Devon); Somerset",,1582,41,Tirwhite
LUSMORE,George,,Tiverton,,1560,45,Mellershe
LUX,Thomas,,"Cofforde, par Kenton",,1574,27,Martyn
LYMENT/LYMETT,Edward,merchant,cyttie of Exeter,,1571,25,Holney
MALET,John,esquier,"Ullegh,par Beforde (Beaford)",,1570,37,Lyon
MALLET,Robert,esquier,"Ulleigh,par Beaford, South Molton",,1577,28,Daughtry
MALLOCK,Edward,,Axmister,,1574,14,Martyn
MALLACK,John,,Axmouthe,,1566,2,Stonard
MALLACK,William,,Axmyster,,1572,24,Daper
MANN,William,,Staverton,,1575,21,Pyckering
MANNING,Christopher,gent,Colompton,,1577,45,Daughtry
MARKES,Thomas,,Colompton,,1575,26,Pyckering
MARSHE,Edmund,,"Chittlehampton, Swymbridge",,1577,29,Daughtry
MARTIN,John,,West Tynmothe (Teignmouth),,1570,11,Holney
MARWOOD,John,gent,"Christchurch Newgate, London;",Ad. de bono 27 Oct 1592,1579,23,Bakon
,,,?Devon,,,,
MARWOOD,Margaret,widow,Halberton,Ad.de bono 5 Feb 1591,1581,9,Tirwhite
MARWOOD,William,clerk,"Torbrian,Cheriton Bishop",,1581,33,Darcy
,,canon residentiary,Exeter Cathedral,,,,
MASSELSAIES,Thomas,,Axmister,,1569,2,Lyon
MATHEW,Christian,widow,Clyst St George,,1577,12,Daughtry
MATHEW,Henry,sailor at sea,Marldon (nr Paignton),,1569,14,Sheffelde
MATHEW,Joan,,"Stockland, Dor.; Willand",,1574,29,Martyn
MATHEW,John,,"Stockland, Dorser",,1576,39,Carew
MATHEW,William,,"Stockland, Dorset",,1574,26,Martyn
MAWDIET,John,,Brodeniche (Bradninch),P.A. Oct 1570 & Feb 1570/1,1562,4,Chayre
MAYE,Thomas,,Honyton,,1579,31,Bakon
MAYNARD,John,,Exeter,Will regd,1547,31,Allen
,,,,P.A. 16 July,1576,,
MAYOR,William,,"Throwleigh, Chafford (Chagford)",,1574,39,Martyn
MELHUISHE,Hugh,,Wetheridge,,1579,21,Bakon
MELLEDGE/MELGE,John,,"Chardstock, Dor.",,1569,9,Sheffelde
MEARE,Janes,,Burlescombe,,1576,6,Carew
MERE,James,,Burlescombe,,1574,4,Pyckering
MERICK,John,,Yarcombe,,1565,20,Morrison
MERICK/MYRIOKE,Richard,,Devon?,,1572,2,Peter
,,,dying in dioc Bath & Wells,,,,
MIDDLETON,Henry,,Vollington (Colyton),,1571,17,Holney
MIDWINETER see,,,,,,11,Daper
MYDWYNTER,,,,,,,
MILL/ MYLL,Richard,,Ufcumbe,,1572,13,Daper
MILLER,John,,Ilsington,,,,
MILLER see BAKER,,,,,,,
MILNER see MYLLER,,,,,,,
MITCHELL see MYCHELL,,,,,,,
MODFORD,Jerome,,Halberton,,1582,36,Tirwhite
MOGGISHE,Thomas,the elder,Chollacombe,,1572,19,Daper
MOGGIS/MOGGYS,Thomas,,Cholacombe,,1578,7,Bakon
MOGRIGE see COXTON,,,,,,,
MOGRIGE,Thomas,,Colompton,Ad de bono 13 May 1587,1563,7,Stevenson
MOLTON,Robert,,PlUmpton (St Morrice),,1559,25,Chaynay
MONKE,Richard,gent,"Ivor, Bucks; Hatherton",,1579,48,Bakon
MORGANN,John,,Barnestable,,1568,21,Babington
MORETON,John,,South Sydenham (Damerel),,1570,30,Lyon
MORYS/MORRES,Peter,,"Kings Lyme, Dor.; Colyton",,1558,22,Welles
MOUNTSTEVEN,John,,Loupit (Luppitt),,1575,49,Pyckering
MOXSHAY,Simon,,Kirton (Crediton),,1572,16,Daper
MOYLE,Sir Thomas,knight,"Estwell, Kent; Surrey; Middlesex;",,1560,55,Mellershe
,,,"Devon, Somerset; Cittie of London",,,,
MUGG,Walter,,Crediton,,1566,19,Crymes
MUGG,Walter,clerk,cities of Hereford &Extour,Ad de bono 12 July 1565,1566,11,Crymes
,,,"sainte Cires Newton, Showbrooke;",,,,
,,,"Mollande, Knowstone",,,,
,,,"Sainte Erthes, Cornwall",,,,
MYCHELL,John,,Topsham,,1570,16,Lyon
MYCHELL,John,,"Stockland, Dor.",,1574,21,Martyn
MYDWYNTER,Robert,alderman of,cittie of Exeter,,1572,11,Daper
MYLLER als MILNER,Roger,,Culmestocke,,1572,6,Peter
NEWBERRY,William,,"Stockland, Dor.;",,1580,46,Arundell
,,,Upper Ottery (Upottery),,,,
NEWCOURT,John,gent,Hollisworthy (Holsworthy),,1579,25,Bakon
NEWTON,John,,Axmowthe,,1559,15,Chayney
NEWTON,John,,Uffercombe (Uffculme),,1581,10,Tirwhite
NEWTON,William,,Axmister,,1562,13,Streat
NEWTON,William,,Exmowthe,,1575,44,Pyckering
NICHOLLES,Robert,,"Totnes, Stoke Gabriell",,1575,42,Pyckering
NORMAN,John,,"at Pole, Morebath",,1571,34,Holney
NORTHAMPTON als CORAM,John,,Uffcolume,,1576,18,Carew
NORTHCOTTE,Robert,senior,Kirton als Credyton,,1562,4,Chayre
NORTHCOTTE,Walter,clothier,Credyton als Kyrton,,1572,27,Daper
NORTHORNE,Roger,,Musburie,,1562,16,Streat
OBY,Martin,,Totness,,1580,6,Darcy
OLYVER,Eustace,,Exeter,,1581,29,Darcy
OSBOURNE,Alexander,surgeon,Axmister,,1581,25,Darcy
OSMOND,Edward,,Morebathe,,1577,23,Daughtry
OSMOND,Hugh,,"Clayhanger, Teverton, Bampton",this probate void;,1578,1,Bakon
,,,Morebathe,another will pv Oct 1680,1580,37,Arundell
OTWAY,Thomas,the elder,"Prescott, par Culmestocke",,1579,43,Bakon
PADDEN,William,,"Exmouth, par Littleham",,1575,27,Pyckering
PAGE,William,,Colompton,P.A. 5 Feb 1571,1566,22,Crymes
PALKE,Peter,,"Ambroke, par Staverton",,1579,17,Bakon
PALKE,Walter,,Staverton,,1579,16,Bakon
PALMER,Richard,,par St Gyles (?St Giles in Heath,,1575,5,Carew
,,,OR St Giles in Wood),,,,
PARES,Henry,,Colompton,,1566,1,Stonard
PARKE,Robert,,Thorncombe,,1568,6,Babington
PARRIS,Joan,widow,"Titherley. par Chardstock, Dor.",,1566,2,Stonard
PARRIS,John,,"Bowdinge, par Chardstock, Dor.",,1571,47,Holney
PARROT,John,,Cornworthie,,1583,45,Rowe
PARRYMORE,William,merchant,"St Towles, (?St Olave)",,1574,44,Martyn
,,,cittie of Exeter,,,,
PARSONS,John,,"Whytford, par Showte, Collyton",,1579,29,Bakon
PARSON,Thomas,,"Trinitie, par Bradnyncke",,1575,42,Pyckering
PASMERE/PASSEMERE,Henry,servant to,Exeter,,1582,6,Rowe
,,Sir John ST LEGER,,,,,
PAYNE,John,,Hevytree,,1564,31,Stevenson
PAYNE,John,,"Lyme Regis, Dorset; Uplyme",,1580,27,Arundell
PAYNE,William,,"Westclift, St Sydwell, St Kokk,",,1570,16,Lyon
,,,"Seint Katheryn, citie of Exeter",,,,
PEARDE,Julian,widow,"Barnstaple, Tavistock,",,1580,22,Arundell
,,,Burynarbor,,,,
PE(A)RDE,John,,Barnestaple,,1574,8,Pyckering
PEARON,William,the elder,West Tingmouth,,1583,38,Rowe
PEERS,Robert,clerke Parson of,Bickleighe,,1576,7,Daughtry
PENNINGTON als TUCKER,Richard,,Synderford ((Thorncombe),,1568,9,Babington
PENY,John,,"Synderforde, par Thorncombe",,1568,20,Babington
PERIAM,John,senior,"Exeter, Pancrasweeke,",,1573,37,Peter
,,,"Awtrey St Mary, Peworthy, etc.",,,,
PERRY,William,,"Membury; Stockland, Dor.",Cess grant 3 June 1587,1570,2,Holney
PERYMAN,Richard,,Kenne,,1562,4,Chayre
PESYN,Joan,widow,"Chardstocke, Dor.",,1574,14,Martyn
PETER,John,esquire,"St Thomas, Exeter, Norton,",,1571,26,Holney
,,,Estalington etc.,,,,
PETER,John,,"Compton, par Marledon",,1575,55,Pyckering
PETER,John,,"Exeter, Ipplepen, Charlton",,1581,36,Darcy
PETRE,Dame Ann,widow of Sir John,"Ingastone, Writtle, Mountnezing.",,1582,15,Tirwhite
,,PETER (sic),"Essex; Cambs; Cadburie, Netherak",,,,
PETRE,Sir William,knight,"Ingetstone, Essex; Sutton, Glos;",,1572,1,Peter
,,,"Combyne, Branscombe, Shute, etc",,,,
PHREER als FRYER,Philip,clarke,Brente (?Devon),,1561,13,Loftes
PHYPAYNE/PHIPPEN,John,,Uplyme,,1559,3,Chaynay
PIERS see PYERS,,,,,,,
PLAYCE,Thomas,,Sanfforde,,1573,21,Peter
PLOMLEIGH/PLUMLEY,John,merchant,"Dartmouth, Stoke Fleming",,1580,39,Arundell
POLLARD see COLE,,,,,,,
POLLARD,John,clerk,London; Exeter,P.A. Dec 1564,1560,23,Mellershe
,,archdeacon of,Totnes,,,,
POLLEXFEN,John,,Yalmolton (Yealmpton),,1559,8,Chaynay
POLOM als VICARY,John,,Busshops Nymett,,1560,46,Mellershe
POPE,John,,Exeter,,1577,13,Daughtry
POTTER,Richard,,Broadhembury,,1577,12,Langley
POTTER,Thomas,,Brodehembury,,1566,8,Stonard
POULET/PAULET,Sir Hugh,knight,"Georghenton, Somerset; Halberton",,1573,8,Martyn
POWELL,Thomas,,Tiverton,,1577,2,Langley
POWELL,William,,Great Totness,,1575,13,Pyckering
PRATT,John,,"Dykett, Brodehembury, Plymtree",,1574,18,Martyn
PRESTWOODE,Thomas,gent,citie of Exon [Exeter],,1576,9,Daughtry
PRESTWOODE,Alice,widow,"St Stephen, Exeter",,1558,34,Welles
formerly BODLEIGHE,,,,,,,
PRESCOTT,John,,Okeford,,1572,44,Daper
PRIDEAUX,Robert,gent,Ashberton,,1578,5,Bakon
PRIDDAUX,Roger,esquier,"Soldon, Sutcombe, Bradworthie,",Ad. de bono 19 Nov 1597,1581,7,Tirwhite
,,,Weke (Pancras Week),,,,
PYCHETT,Thomas,gentleman,"Hackney, Middx; Ashburton in the",,1579,22,Bakon
,,,West Country where I was born,,,,
PYERS/PIERS,John,esquire,"Westmoulsey, Surrey; Netherton",,1559,45,Chaynay
PYKE,Margaret,,"Wycroste (Weycroft), Axmyster",,1563,25,Chayre
PYLE,John,,Talleton,,1562,30,Streat
PYNCENT,John,the elder,Bovitracie (Bovey Tracey),,1575,33,Pyckering
PYNE,John,the elder,"Pale, par Hevrytree",,1574,27,Martyn
PYNE,Robert,,Axminster,,1566,2,Stonard
PYNNYE,Walter,,"Chardstock, Dorset",,1570,33,Lyon
QUARNE,Robert,,"Woodhouse, par Westalvington)",,1571,14,Holmey
QUINTON see FRYER,,,,,,,
RADCLIFFE,John,,Diocese of Exeter,,1560,54,Mellershe
RADFORDE,John,gent,Rockbear,,1575,38,Pyckering
RADFORDE,Thomas,,Culmestocke,,1568,18,Babington
RAWKIN see CARPENTER,,,,,,,
RAYMONTE,Wyllyam,,"Hawkchurch, Dor.",,1559,3,Chaynay
RAYNOLD,Thomas,clerke,"Northe Nubald, Yorks;",Double probate 10 Oct 1562,1559,62,Chaynay
,,,dying at Westminster; Exeter,,,,
READE,John,,Uplyme - deceased was poor,,1567,17,Stonard
REAPE,Robert,of the household of,Buckland Monachorum,,1558,25,Welles
,,Queen Elizabeth,,,,,
REYMOND,Robert,,Swynbridge,,1578,5,Bakon
RICHARDE,William,,Lewdkey (?Landkey),,1564,10,Morrison
RICHARDS,John,,"Rewe, Silverton, Stockcannon",,1577,38,Daugtry
ROE,Gabriel,,"St George's, Southwarke, Surrey;",,1582,6,Rowe
,,,Abbotsham,,,,
ROLANDE,Edmund,gent,Nymettracey,,1560,33,Mellershe
ROLLE,John,gentleman,Stevenstone (St Giles in Wood),Ad. de bono 8 Feb 1574,1570,31,Lyon
ROO see JAMES,,,,,,,
ROSEWELL,William,esquier,Devon; Somerset; city of London,,1566,30,Crymes
ROUPE,Gilbert,,Dartmouth,,1578,43,Langley
ROW,Alsina,widow,Ede (Ide),,1560,42,Mellershe
ROWE,John,gent,Edmerston [Modbury],,1576,8,Daughtry
ROWSE,John,merchaunt taylor,city of London; Kerton (Crediton),,1582,35,Tirwhite
ROWDON,Richard,,Teverton,,1571,17,Holney
RUDGE see LEIGHE,,,,,,,
RUDGE,Thomas,,Brodehemburie,,1577,13,Daughtry
RUDGE,William,,Brodehembury,,1577,40,Daughtry
RUGGE,John,,Kyllmynton,,1573,1,Martyn
RYXMAN,John,clerk chauntor of,Exeter,,1558,23,Welles
SALTER,John,"servant to Francis,","Barwick, Som.; Payhemburye,",,1566,12,Crymes
,,Earl of Bedford,Awlescombe,,,,
SALTER,Thomas,,"Fenyton, Payhemburye",,1578,24,Langley
SALTERNE,John,,Bideford (son of John of); Bristol,,1580,30,Arundell
SAMPFORD,Martin,"senr, gent","Smithingcote, par Uffcombe,",,1580,9,Darcy
,,,"Halberton, Culmestocke",,,,
SAMPSON,Helen,widow,Memburye,,1571,35,Holney
SAMPSON,Walter,,Memberie,,1563,22,Chayre
SANFORD,Christopher,gent,"Langforde, Som.; Halberton",,1565,2,Crymes
SANFORD,Edward,citizen & merchant,"Halberton, Culmestocke",,1569,22,Sheffelde
,,taylor of,London,,,,
SAUNDER,Christopher,,Buckerell,,1574,19,Martyn
SAUNDER see BERRYE,,,,,,,
SAVERY,Christopher,the elder,Totnes,,1560,27,Mellershe
SAVERY,Richard,the elder,Tottenis (Totnes),,1572,19,Daper
SAYER,John,,Stoke Cannon,,1570,8,Lyon
SCUTT,John,junior,Sidmouth,,1583,23,Rowe
SEALIGH,Peter,,"Dawlish, Kenton",,1580,36,Arundell
SEALY,Johan,widow,Kenton,,1578,2,Bakon
SEALY see SELY,,,,,,,
SEARELL,Helen,,Crediton,,1581,27,Darcy
SELLER,John,,Kilmington,,1573,1,Martyn
SELLWOOD,Collet,widow,"Smaleridge, par Axmister",,1577,31,Daughtry
SELWOOD,Thomas,the younger,Axmister,,1567,12,Stonard
SELY,John,,"Southebraike, par Kenton",,1572,5,Peter
SELY,John,,Daulyshe (Dawlish),,1579,14,Bakon
SERYLL/SERILL,John,,Co. Devon (?Crediton),,1574,30,Martyn
SHERE,William,,Tyverton,,1578,13,Babington
SHERE,William,,"Einsbury, Hunts;",,1582,15,Rowe
,,,Mucksbeare in Halberton,,,,
SHEREWELL,Thomas,,Plimoth,,1582,32,Tirwhite
SHEREWOOD als VALANCE,Michael,,"Whimpell, Brodcliste",,1581,9,Tirwhite
SHERMAN,Simon,,Fremynton,,1582,23,Tirwhite
SHERMAN,William,gent,Ottery St Mary,,1583,32,Rowe
SHURTE,John,,Bedeford (Bideford),,1573,11,Peter
SKINNER,Humphrey,,Ufcombe (Uffculme),,1576,25,Carew
SKYNNER,John,,Pynkeworthiemill (Pyworthy),,1559,58,Chaynay
,,,,Sentence & another will,1560,59,Mellershe
SLANNYNE,Nicholas,esq,"Bickleigh, Plympton, Plymouth,",confirmed by sent. diff.,1583,18,Rowe
,,,"Heckworthie, Walkhampton,",30 June 1585,,,
,,,Prior-Shaghe,,,,
SLEMAN,James,,Milton Abbotte,,1568,26,Babington
SMYTH,Christopher,,"Churchingford, par Churchstanton",,1573,32,Peter
SMYTH,David,,"East Quantoxhed, Som.; Maker",,1577,42,Daughtry
SMYTH,Edith,,"Crookhorne, Som.; Colompton",,1571,42,Holney
SMYTH,Henry,,Showte (Shute),,1570,19,Lyon
SMYTH,John,,Thorncombe,,1560,26,Mellershe
SMYTH,Peter,gent,"St Botophes without Bishopsgate,",,1572,44,Daper
,,,"London; Topsham, Weyer (Wear)",,,,
SMYTH,Richard,,Devonshire [no place name],[two entries],1574,8 & 10,Pyckering
SMYTH,Robert,,Culmpton,,1571,42,Holney
SMYTH,Thomas,clerke vicar of,Sydmouth,,1570,23,Lyon
SMYTH,Thomas,,Exceter,,1572,27,Daper
SNODEN,Thomas,,Rattrey,,1577,26,Daughtry
SNOWE,Thomas,,Westawtrie (West Anstey),,1560,9,Loftes
SOUTHAMPTON,Jane,Countess of,"St Andrews, Holborn, London;",,1574,43,Martyn
,,Tichfield,"Byckton, Worthye, Southants;",,,,
,,,Broadehembury,,,,
SPARKE,Thomas,,Plymt. Maureye; died in Spain,,1575,29,Pyckering
,,,(Plympton St Maurice),will regd again,1575,30,Pyckering
SPEDE,John,,"Chardstooke, Dor.",,1574,36,Martyn
SPODELL,Robert,,"Prittellwell, Essex; Dartmouthe",,1581,14,Darcy
SPRAKE,John,,"Quersye, par Hawkchurch, Dor.",,1561,25,Loptes
SPRAKE,Nicholas,,"Wadbroke, par Hawkchurch, Dor.",,1567,11,Stonard
SPIRING,William,,Brodmynch (Bradninch),,1568,20,Babington
SPURWAYE see HILL,,,,,,,
STANDISH,Thomas,"clerk, parson of","Elworthy, Som., Taunton, Chard,",,1580,16,Arundell
,,,"Yartcombe, Minehead, Dunster,",,,,
,,,"Wiveliscombe etc., Som.;",,,,
,,,Honiton,,,,
STAPLE,Thomasine,,"Chardstocke, Dor.",,1574,9,Pyckering
STAPLEHILL,Walter,gentleman,Exeter,,1562,14,Chayre
STAPLETON,George,gentleman,Barnstable,,1568,19,Babington
STARR,John,,Teignmouth,,1583,18,Rowe
STAVELEY,Bartholomew,,"Purtington, Som.; Harcombe",,1570,14,Lyon
,,,Sydburie,,,,
STEPHIN,John,,Highbraye,,1561,26,Loftes
STEPHENS,William,gentleman,"Inner Temple, London; Glos.;",,1565,29,Morrison
,,,Ilsington,,,,
STERTE,Thomas,gent,"Inner Temple, London; Plimpton.",,1566,27,Crymes
,,,"Whelkersmore, Cornewoode,",,,,
STOCKER,Richard,,Sydmouth,,1579,49,Bakon
STROWBRIDGE,John,gentleman,Colliton (Colyton),Ad. de bono 29 Oct 1571,,,
STUCKEY,James,,Manaton,,1576,14,Carew
STURE,Edmund,,Bradeley,,1559,19,Mellershe
SWAYNE,,"clerke, parson of","Churchstanton, dioc of Exeter",,1570,9,Lyon
SWETELAND,John,,Stokegabriell,,1574,39,Martyn
SYDENHAM,Walter,esquier,"Winslade, Dvn [?Clyst St Mary]",Double probate 10 Feb 1573,1572,39,Daper
,,,Somerset; Kent; Lincoln,& 18 May 1574,,,
,,,,Ad. de bono 11 Feb 1593,,,
SYMONDES,Thomas,clerke,"Parson of Thorndon, Tawestock",,1570,29,Lyon
TAILDER als TAYLOR,John,,Colompton,,1566,2,Stonarde
TANNER,Edward,,Colyford,,1575,20,Pyckering
TAWLY,William,,Alvington,,1559,9,Mellershe
TEAPE,Richard,the elder,Coliton [Colyton],,1566,26,Crymes
TERRELL,Walter,,Tyverton,,1568,16,Babington
THOMAS,Hugh,,Holcom Rogus,,1582,29,Tirwhite
THOMAS,John,senior,cittie of Exon (Exeter),,1562,30,Streat
THOMAS,John,,Bushopps Mymett,,1571,47,Holney
THOMAS,Thomasine,,Collumpton,,1571,14,Holney
THORNE,Thomas,,Witheridge,,1562,11,Streat
TIBBS,John,,Thornecombe,,1573,2,Martyn
TIRLINGE,William,,Weston als Werrington,,1572,7,Peter
TOLEY,Robert,,"Merleton, Totnes",,1578,32,Langley
TOLY,William,,Westalvyngton,,1559,6,Mellershe
TOOKER,William,citzen & grocer,"Alhallowes, Bredestrete, London;",,1568,18,Babington
,,,"Tavistock, Dvn, where I was born",,,,
TOTHILL,Geoffrey,,Exmister,,1574,40,Martyn
TREMAYN,Edmund,esquier,"Constantyne, Caret Whethewick,",,1582,45,Tirwhite
,,,"St Ives, Cornwall;",,,,
,,,Collacombe (Lamerton),,,,
TREVELIAN,Thomas,esquire,Yerniscombe (Yarnscombe),,1569,11,Sheffelde
TRYVET,William,,Exeter,Confirmed by sentence diff,1579,43,Bakon
,,,,18 May 1580,1580,18,Arundell
TROKE,John,,Churchetanton,,1571,47,Holney
TUCKER,William,,"Dallwood, Dor.",,1574,15,Martyn
TUCKER see PENNINGTON,,,,,,,
TURNER,John,,"Stocland, Dor.",,1575,21,Pyckering
TURNOR als WEBBER,Philip,,Chulmeleye,,1578,18,Langley
TURNER,William,,Colompton,,1561,20,Loftes
TYDERLEGH,Robert,gent,"Tyderlegh, par Chardstock, Dor.",,1577,8,Langley
TYDERLEGH,Robert,"the elder, gent","Tyderleigh, par Chardstock, Dor.",,1564,32,Stevenstone
TYMELL,John,the elder,Morebath,,1571,38,Holney
TYMEWELL,Christopher,,"North Petherton, Som.,",,1582,32,Tirwhite
,,,Bawton (Bampton),,,,
UPPTON,Jeffery,esq,"Warminster, Wilts; Wells, Som.;",,1583,25,Rowe
,,,"Gillingham, Dor.; Ottery St Mary",,,,
VALANCE see SHERWOOD,,,,,,,
VALLETT,Wiilliam,senior,Northam,,1575,46,Pyckering
VALPE,Michael,,Exmister,,1572,16,Daper
VATER,Agnes,widow,"Sante John, Colompton",,1567,25,Stonard
VICARY see POLOM,,,,,,,
VILVAYNE,Richard,,Excester (Exeter),,1569,12,Sheffelde
VOYSEY,Richard,,Ipplepen,,1562,19,Streat
,,,,Will pvd 15 Feb 1563,1564,5,Stevenson
VYE,John,,"Gyttesham, par of Collyton",,1579,31,Bakon
WADE,William,,"Allhallowes, Hawkchurche, Dor.",,1579,31,Bakon
WADHAM,John,esquire,"Meryfielde, Ilminster, Taunton, Som.;",,1577,13,Langley
,,,Braunscombe,,,,
WALROND,John,the younger,"Fordington, Chard, Somerset;",,1567,16,Stonard
,,esquire,Bovye (Bovey Tracey),,,,
WALROND,John,gent,Tyverton,,1579,36,Bakon
WALDRON,Ralph,,Tyverton,,1559,20,Mellershe
WALDRON,Robert,,Tiverton,,1565,26,Morrison
WALKER,James,,Excester (Exeter),,1563,15,Chayre
WALTER see BUTLER,,,,,,,
WARE,John,,Ottery St Mary,,1561,27,Loftes
WARE,John,,Crediton,,1570,30,Lyon
WARWICK,Margery,widow,"Plymowthe, Tamerton.",,1571,11,Holney
,,,"St Rudocks, Ede (Egg) Buckland,",,,,
,,,"Holbeton, etc.",,,,
WASCOMBE,Thomas,,"Chymley (?Chulmleigh, Devon)",,1561,1,Streat
WEBBER,Margaret,,Credditon,,1572,6,Peter
WEBBER see TURNER,,,,,,,
WECCHALSE,Nicholas,,Barnstaple,,1570,28,Lyon
WEEKES,Ann,,"Kingston, Som.; Forte, Dvn (?Ford)",,1560,32,Mellershe
WEST,John,senior,"?Donscome, par Credyton",,1563,1,Stevenson
WESCOMBE,Thomas,,Chymley (Chumleigh),Sentence,1562,32,Streat
WESTCOTE,Sebastian,almoner of,Cathedral of St Paul in London;,Confirmed by sentence diff.,1582,14,Tirwhite
,,,"Taunton, Som.; Chimley, Devon,",,,,
,,,where I was born (Chumleigh),3 July 1582,1582,31,Tirwhite
,,,"Taunton, Somerset",,,,
WESTRON,Robert,,Tiverton,,1568,17,Babington
WHEATECOM(B)E,Edmund,merchant,cittie of Exeter,,1564,25,Stevenson
WHE(A)TON,Andrew,,"Blackborowe, Kentisbeare,",,1582,33,Tirwhite
,,,"Brodehembury, Uffculme",,,,
WHITE,Thomas,yeoman,Burscombe (Burlescombe),,1572,5,Peter
WHITHORNE,William,,"Clehidon (Clayhidon), dioc. Exon",,1571,42,Holney
WILLIAMS,Richard,esq,"Burghefelde, Berks; Somerset; Devon",,1570,10,Lyon
WILLIAMS,Thomas,esquire,"Stawford, Uggeborow, Cornewood,",,1566,23,Crymes
,,,"Ermington, Brents, Harford",,,,
WILLES,Anthony,,"Poldrussacke, Laurake, Bloflemy,",,1576,25,Carew
,,,"Saltashe, St Gernaines etc Cnwall;",,,,
,,,"Dartington, Rattery, Harberton",,,,
WILLIS,Andrew,,"Wilton, Somerset; Tyverton",,1580,48,Arundell
WILLOUGHBY,John,,Shogbrooke (Shobrooke),,1559,31,Chaynay
WILLOUGHBY,Leonard,esquyer,"Cornwall; Turnerspudell, Dor.;",,1560,56,Mellershe
,,,Devon,,,,
WILLOUGHBY,William,clerk,Bereferries & Seinte Martyn's,,1565,12,Morrison
WILSHEIRE,Edward,gentleman,"Chardstocke, Dor.",,1572,10,Daper
WILSON,Nicholas,,Thorverton,,1574,22,Martyn
WINCHESTER,John,,Dartmouth,,1575,26,Pyckering
WISLADE,John,,"Morganhayes,p. Southley",,1582,35,Tirwhite
WYSLAKE,John,the elder,Topysham,,1577,32,Daughtry
WOOD,Humphrey,,Columpton,,1573,30,Peter
WOOD,John,,Yarcombe,,1579,49,Bakon
WOOD,Walter,,"Pylton, Barnestable, Instowe,",,1575,27,Pyckering
,,,"Swymbridge: Lynfielde, Sussex,",,,,
,,,where I was born,,,,
WOODCOCK,William,,Uplime,,1582,28,Tirwhite
WORTHE,Simon,gentleman,Washfelde,,1564,8,Stevenson
WYLLIS,Andrew,,"Wilton, Som.; Tyverton",,1580,48,Arundell
WYETT,William,,"Westwater, par Exmyster",,1560,53,Mellershe
YARDE,John,esquire,Clysthoniton,,1575,24,Pyckering
YARDE,Margaret,widow,Pilton,,1575,14,Pyckering
YONGE,Walter,gentleman,Sidburie,,1562,16,Streat
