NAME,FORENAME,OCCPN/STATUS,PLACE,TYPE/NOTE,YEAR,FOLIO
ABBOT,David,yeo,Combrawley,,1693,202
AKERMAN [Akarman],"Stephen,",esq,Plymouth,,1693,134
,,,"(d. All Hallows, Barking, London)",,,
ALFORD,John,mar,"Cheddock, Dorset",,1687,57
,,,"(d. Plymouth, Devon)",,,
ALFORD,Melchisedeck,clerk,Ottery St Mary,,1689,118
ALGER,John,chirurgeon,Plymouth,,1690,84
,,,"(ship ""Ruby"" - at sea",,,
ALLEN,John,mar,Barnstable,,1693,91
,,,"(d. in H.M.S. ""Oxford"")",,,
AMERY,Abraham,mar,St Mary Outery,,1686,91
,,,(d. overseas0,,,
,,,[Ottery St Mary],,,
AMORY,Henry,mar,Bitheford (Bideford),,1688,74
ANDREW,"Prudence,",wid.,Plymouth,,1692,31
AVERAY,"Robert,",gent.,Mill in Witheridge,,1688,131
AVEREY,Robert,merchant,Great Torrington,,1688,131
AXFORD,Miles,mar,Dartmouth,,1689,148
A(Y)SHFORD,"John,",esq,"Ayshford, Buckscombe",,1691,76
,,,[Burlescombe],,,
BAKER,"Eleanor,",spr,Culmestock,,1691,77
BAKER,"Thomas, senr.",clerk,Bishop's Nympton,,1690,84
BAKER,"Valentine,","bach, mar",Coffons Mill [Coffinswell],,1693,178
,,,"(H.M.S. ""Mary"")",,,
BALLE,"William,",esq,Mamhead,,1691,232
,,,"(late of precincts of Whitefriars, Lond.)",,,
BARKER,John,merchant,Plymouth,,1690,65
BARNES,Gabriel,,Honyton,,1686,33
,,,,will registered 39 Bath (1680),,
BARNES,"Joanne,",wid.,Honyton,,1686,28
BARONS,"Jonathan,","bach, mar",Exeter,,1691,35
,,,"(H.M.S. ""Harwich"")",,,
BARTER,John,mar,"St Mary, Igenswell",,1692,218
,,,"(H.M.S. ""Mary"" at Barbadoes)",,,
,,,[Vol 77 has this as Kingskerswell but ?shld be Edginswell],,,
BARTLETT,Tristram,,city of Exeter (nuncup),,1687,73
BASSETT,"John,",esq.,Heaton Punchardon,,1687,1
BASTARD,"Mary,",wid.,city of Exeter,,1686,70
BATTER,John,mar,"Billiford, nr Barnstaple",,1691,3
,,,"H.M.S. ""Lenox""",,,
,,,[Bideford],,,
BATTERSBY,"Nicholas,",vicar,Chudleigh,,1689,119
,,,,(P.A.B. 1691 Fo 108),,
BEERE,George,innkeeper,Axminster,,1692,99
BENNETT,"Margaret,",wid.,Honiton,,1692,148
BENNEY,Pasky,mar,Plymouth,,1687,46
,,,"(H.M.S. rowing frigat ""James"";d. at sea)",,,
BETTYE,"Joseph,","bach, mar",town of Plymouth,,1690,147
,,,"(ship ""Sarah""; at sea or overseas)",,,
BIDGOOD,"Humphrey,","gent., bach",Tiverton,,1689,75
,,,d. Cambridge,,,
BIDGOOD,"Humphrey,",esq.,Rockbeare,,1601,203
BIDGOOD,John,M.D. Fellow of King's College of Physicians,,,,
,,,city of Exeter,,1691,44
BIRCH,"Isaac,",gent,city of Exeter,,1693,61
BLACKMORE,"Grace,",spr,Diptford,,1690,166
,,,,Sentence,1690,169
BLANCHARD,James,mar,Stonehouse,,1693,91
,,,"(H.M.S. ""Mary""",,,
BLINCH,Phillip,yeo,Buckland Brewer,,1687,133
BLUNDELL,"John,",gent.,Tiverton,,1687,18
BLUNDELL,John,,Tiverton,,1690,28
,,,,will registered 10 Harvey (1639),,
BLUNDELL,Peter,,Tiverton,,1690,28
,,,,will registered 77 Lee (1638),,
BLYTH see GLY,,,,,,
BOARD,"Mary,",spr,Bideford,,1693,21
BOGAN,"William,",armiger,Gatcombe,,1688,155
,,,,will registered 16 North (1681),,
,,,[Little Hempston],,,
BONE,John,brewer,Plymouth,,1692,99
BONN,John,mar,Bideford,,1692,16
,,,"(H.M.S. ""Expedition"")",,,
BOONE,John,,Mount Boone,,1689,177
,,,[Dartmouth],,,
,,,,will registered 146 Drax (1683),,
BOONE,Thomas,,Mount Boone,,1689,177
,,,[Dartmouth],,,
,,,,will registered 71 Bath (1680),,
BOUND,Sampson,yeo,Aishburton,,1689,150
BOUTET(Bontel),"Samuel, senr.",merchant,Plymouth,,1693,91
BOVETT,"Mary,",spr,Yarcombe,,1686,75
BOWDITCH,"Henry,",gent,"Chardstock, Dorset",,1688,29
BOWDITCH,Robert,,"West Hay,",,1690,166
,,,"Hawkchurch, Dorset",,,
,,,,Sentence,1690,169
BOYLAND,John,fuller,city of Exeter,,1690,54
BRAGG,"Matthew,",gent.,"Chaffeigh, Thorncombe",,1691,96
BRIGHOUSE,"Michael,",Esq.,Kentisbury,,1688,12
,,,"(d. St Clement Danes, Mdx)",,,
BRODRIDGE,Henry,merchant,Plymouth,,1690,17
BROOKE,"John,",gent.,Morebath,,1689,109
BROOKE,"John, senr",fuller,Barnstaple,,1690,134
BROUARD,"Abraham,",bach,Dartmouth,,1690,38
,,,"(H.M.S. ""Suffolk"")",,,
BROWNE,William,,Plymouth,,1687,112
,,,,(P.A.B. 1691 fo 111),,
BRUTTON,William,,Bideford,,1692,148
,,,(Barbadoes),,,
BUCK,Hartwell,merchant,Bideford,.,1691,204
BURGOYNE,"Robert,",gent.,Braunton,,1688,55
BURNARD,"Benedicta,",wid.,"Gittisham, Colliton",,1692,99
BURNARD,"John,",gent.,Coliton,,1686,28
,,,[Colyton],,,
BUSSELL,George,sergeweaver,"St Sydwell, Exeter",,1692,79
BYNE,"Martha,",wid.,Clawton,,1688,28
CALFE,Charles,soldier,"Boconnock, Corn. (nuncup)",,1688,12
,,,,Sentence,1687,171
,,,"H.M. Cidadel, Plymouth, Devon",,,
CAMMELL,William,mar,"H.M.S. ""Rupert""",,1693,205
,,,"d. Dartmouth, Devon",,,
CAPURNE,Richard,,Tiverton,,1690,171
,,,,will registered 83 Barrington (1628),,
CAREW,Thomas,esq.,Rifton,,1686,103
,,,,will registered 15 Juxon (1663),,
,,,"[Riston, Stoodleigh near Tiverton]",,,
CARKETT,"Nicholas, senr.",merchant,Plimouth,,1690,103
CARLETON,Thomas,mar,"ship ""Concord"" of Yarmouth",1691,78,
,,,bound to Venice,,,
,,,"Plymouth; d. in H.M.S. ""St Albans""",,,
CARUTHERS,James,chapman,Exeter,,1693,137
CHANT,"Richard, senr.",mar,Plymouth,,1687,75
CHAPPELL,John,malster,Topsham,,1693,4
CHATTY,Robert,,Tiverton,,1687,167
,,,,will registered 15 King (1679),,
CHAVE (Chane in O.W.),William,,Hockworthy,,1686,29
CHICHESTER,Dorothy,,"(Lond. Tawton Episcopi, Devon)",,,
,,,,,1692,101
,,,[Bishop's Tawton],,,
CHUBB,Robert,tanner,Church Panton,,1693,107
,,,[Churchstanton],,,
CLAPP,Benjamin,"haberdasher of hatts,",Plymouth,,1690,86
CLARE,John,mar,Topsham,,1688,148
,,,"(ship ""Beaufort"" bound for E.Indies;",,,
,,,d. at sea),,,
CLUTTERBUCK,James,woolman,city of Exeter,,1690,121
COLE,Emanuel,mar,Dartmouth,,1690,87
,,,"H.M.S. ""Henrietta""",,,
COLE,"Stephen Simmons,",husb,"St Thomas, Exeter",,1689,122
,,,[St Thomas the Apostle],,,
COLES,John,cheesemonger,city of Exeter,,1693,153
,,,d. overseas,,,
COLLIBER,John,silkweaver,city of Exeter,,1688,57
COLLINS,"Joane,",wid.,Ottery St Mary,,1689,59
CONNINGHAM,Charles,apothecary,city of Exeter,,1686,40
CONYBEARE,Thomas,mar,Bytheford [Bideford],,1693,22
COOKE,"Elizabeth,",wid.,Buckland Bruer,,1693,106
COOKE,Francis,mar,Plymouth,,1690,18
,,,"(H.M.S. ""Hampton Court"")",,,
COOKE,"John, bach",mar,Gadbury,,1689,153
,,,"(H.M.S. ""Deptford"")",,,
,,,[Cadbury],,,
COOKE,Thomas,mar,"Yalne, Devon",,1691,65
,,,"(H.M.S. ""London"")",,,
CORDWENT,John,yeo,Churchstanton,,1687,101
CORNELIUS,Alexander,yeo,"Dalwood, Dorset",,1693,153
COSTIN see SAMFORD,,,,,,
COTTON,Richard,"naval commander, H.M.S. ""Diamond"",",Plymouth,,,
,,,"(St Mary Magdalen, Bermondsey, Surrey,",,,
,,,"H.M.S. ""Diamond"" at Barbadoes)",,1692,149
COUCH,"Thomas, senr.",mercer,Plymouth,,1691,111
CRISPIN,Thomas,fuller,"St Paul, city of Exeter",,1689,135
,,,,(P.A.B. 1691 fo 23),,
CROSSE,Agnus (Agnes),,Templeton,,1686,39
CROSSE,Edward,Esq,Exeter,,1692,199
CRUSE,Richard,mar,Pricksum [Brixham],,1692,102
,,,"ship ""Elizabeth""",,,
CUDMORE,Humfrey,,Templeton,,1691,154
,,,,will registered 46 Fines (1647),,
CULME,"Susanna,",spr,Buckerell,,1689,152
DARRACOTT,"George, senr",,Bideford,,1693,181
DAVIS,Raymond,yeo,Tinginge,,1692,26
,,,"(H.M.S. ""Princess Ann"")",,,
,,,[?Teignmouth or ?Teigngrace],,,
DAVY,"George, senr.",merchant,Tiverton,,1692,29
DAVY,"Sir John,",Bt,Creedy (Devon),,1693,94
,,,[Sandford],,,
DAWBENY,"James,",gent.,"Chardstocke, Dorset",,1687,60
DAY,Christopher,seaman,Exmouth,,1689,61
,,,"(H.M.S. ""Elizabeth"" at sea)",,,
DEINCH,Robert,,(dwelling house in Dartmouth),,1687,125
,,,d. overseas,,,
DIBBELL,John,mar,Plymouth,,1687,20
,,,"(in ship ""Eagle""; at sea or overseas)",,,
DOBLE,John,Esq.,Calnleigh [Calverleigh],,1691,79
DODSON,"Elizabeth,",wid,East Stonehouse,,1686,41
DOMETT,John,yeo,"Hawke church, Dorset",,1689,18
DOWNE,Richard,,Barum,Sentence,1693,173
,,,,will registered 7 Box (1694),,
,,,[Barnstaple],,,
DOWST,"Richard,","bach, mar",Ash Prenton,,1690,40
,,,(at sea),,,
,,,[Ashprington],,,
DRAPER,Paul,merchant,"St George, Exeter",,1690,20
DYER,William,mar,Topsham,,1688,91
,,,"(ship ""Foresight"")",,,
EATON,"John, senr.",gent,Thorncombe,,1689,4
EDGCUMBE,"Richard,",K.B.,Mt Edgecumbe,,1689,30
,,,nr Plymouth - in par. of Maker,,,
EDMONDS,George,,city of Exeter,,1687,94
,,,,will registered 3 Bruce (1684),,
EDMONDS,Thomas,ironmonger,city of Exeter,,1688,130
,,,,Sentence,1688,172
ELIOT,"Nathaniel,","bach, sailor",Brixham,,1691,189
,,,"(H.M.S. ""Hope""; at sea)",,,
ENDABROOK Roger,,clothier,Exeter,,1687,5
,,,,Sentence,1689,186
EVANS,Christopher,,"H.M.S. ""Tyger"" prize",,1691,137
,,,at Plymouth,,,
EVANS,Silvanus,merchant,Dartmouth,,1693,123
FARRANT,"Robert,",gent,Seaton,,1691,52
FERRIS,Mathew,sergemaker,city of Exeter,,1693,64
FITZWILLIAMS,"Henry,",gent,city of Exeter,,1690,5
FLAVELL,John,minister of the gospel,Dartmouth,,1691,162
FLOYD,Robert,waterman,"St Olave, Southwark, Surrey",,1689,139
,,,"(H.M.S. ""Pendennis"";at Torbay)",,,
FORBES,"Mary,",wid.,Pudderidge,,1688,92
,,,[?Puddlebridge],,,
FORD,"Edward,",gent,Honiton,,1686,46
FORD,Thomas,,Honyton,,1686,103
,,,,will registerd 134 Bruce (1664),,
FORD,"William,",bach,Bear Seaton,,1690,202
,,,"(H.M.S. ""Pearl"")",(vacat: 2 entries),,
,,,[Seaton & Beer],,,
FORTESCUE,"Dame Margery,",wid,Fallepitt,,1687,62
,,,[East Allington],,,
FORTESCUE,"Sir Peter,",Bt,"Wood, Woodleigh",,1686,45
,,,,Sentence,1686,175
FORTESCUE,"Robert,",armiger,Felleigh,,1688,25
,,,,will registered 112 Bence (1676),,
,,,[Filleigh],,,
FOWELL,"Sir John,",Bt,Fowellscombe,,1693,6
,,,[Ugborough],,,
FOWLART,Robert,carpenter,Culmstock,,1690,42
FOX,Nathan,,"ship ""Bourdeaux Merchant""",,1693,155
,,,"(Bridgetowne, Barbadoes; d. Plimuth)",,,
FOXWELL,Edward,mercer,city of Exeter,,1693,208
FOXWILL,John,fuller,city of Exeter,,1689,4
FRENCH,"Mary,",wid.,Plymouth,,1687,77
FRENCH,Walter,baker,Plymouth,,1692,166
FRIENDSHIP,John,mar,Plymouth,,1691,5
,,,"(St Paul, Shadwell, Mdx,",,,
,,,"H.M.S. ""Elizabeth"")",,,
FROST,John,merchant,Bideford,,1688,14
FULLWOOD,"Francis,",D.D.,Totnes,,1693,208
FURSEY,Esmond,husb.,Yarcombe,,1691,98
FUZ,Ephraim,mar,Plymouth,,1692,222
,,,"ship ""Antelope""",,,
GANDY,Simon,grocer,Ide,,1689,63
GARRARD,"John,",bachmar,Plymouth,,1691,24
,,,"(H.M.S. ""Antelope"")",,,
GARRARD,Samuel,,Totnes,,1686,188
,,,,will registered 160 King (1679),,
GAYER,"John,",armiger,Plymouth,,1693,41
,,,,Sentence,1693,171
,,,"(d. St Paul, Covent Garden, Mdx)",,,
GEARING,Abraham,merchant,Bideford,,1693,184
GEFFERY,"William,",bach mar,Stonehouse,,1688,106
,,,"(Stephney, Mdx;",,,
,,,"d.at sea in ship ""Success"")",,,
GELSON,William,bachmar,Co. Devon,,1692,28
,,,"(d. in H.M.S. ""Bristol"" nr Guadaloup, W.Indies)",,,
GIFFORD,Thomas,yeo,Morebath,,1693,124
GILL,Christopher,vintner,city of Exeter,,1693,139
GILLARD,John,mar,Plymouth,,1692,107
,,,"(H.M.S. ""Elizabeth"")",,,
GLY als BLYTH,William,mar,Newton Buchell,,1690,203
,,,"(H.M.S. ""Half Moon"";",,,
,,,"(d. St Thomas' Hospital, Southwark, Surrey)",,,
GOLDSWORTHY,Samuel,mercer,Honiton,,1686,31
,,,"(Southampton, Hants)",,,
GOODWIN,"John,",bach,Plymouth,,1691,53
,,,"(Leghorne, overseas; d. Lond.)",,,
GOOLD,Henry,yeo,"Stockland, Dorset",,1693,26
GOSLING,"Joanna,",spr,Bampton,,1691,6
GOULD,Thomas,mercer,city of Exeter,,1693,26
GRAVETT,William,merchant,"St Sidwell, city of Exeter",,1687,6
GREENING,Richard,mar,Bideford,,1686,106
,,,(d. at sea),,,
GREENWAY,George,clothier,city of Exeter,,1691,115
GREGG,John,mar,"St Mary, Whitechapel, Mdx",,1692,28
,,,"(H.M.S. ""Elizabeth""; H.M.S. ""Catherine""; d.Plymouth, Devon)",,,
GREGOR,"Anstis,",wid.,Plymouth,,1687,48
GRINFIELD,Richard,shipwright,Plymouth,,1691,163
,,,"(H.M.S. ""Tiger"" prize)",,,
GUITHA,"Thomas,","bach, mar",Marwood,,1692,28
,,,"(H.M.S. ""Advice""; at sea)",,,
HAGLEY,Nicholas,husb.,Templeton,,1686,76
HALLETT,Joseph,minister,Exeter,,1692,29
HALLETT,William,innholder,Thorncombe,,1690,7
HAMBLINE,James,gunsmith,Bastable [Barnstaple],,1691,163
,,,"(H.M.S. ""Royal Sovereign"")",,,
HAMMACK,Henry,mar,Armington,,1693,140
,,,"(ship ""Maryland Merchant"")",,,
,,,[Ermington],,,
HARRIS,Richard,,Plimouth,,1690,139
,,,"(ship ""Resolution; d. overseas)",,,
HARRIS,Samuel,mar,Beddenford,,1691,100
,,,"(H.M.S. ""Dutchess"" at Southampton)",,,
,,,[Bideford],,,
HARWOOD,"John,",gent.,Plymtree,,1687,151
HAWKINS,"Katherine,",wid.,Plymouth,,1690,72
HEAD,Andrew,mar,Plimstock in Oarson,,1691,212
,,,"(in ship ""Expedition"")",,,
,,,"[village of Oreston, Plymstock]",,,
HEATH,"Thomas, junr.,",fuller,St Leonard,,1688,80
,,,"[St Leonard, Exeter]",,,
HELE,"Francis,",gent.,West Prawle,,1688,107
,,,[?Chivelstone or ?East Portlemouth],,,
HERLEWYN John,,innholder,"St Sidwell, city of Exeter",,1687,78
HEWETT,"William,",gent.,Tiverton,,1690,91
HIERON,Joan,,Honyton,,1686,3
,,,,will registered 151 Cann (1685),,
HIERON,Samuel,clerk,Honyton (two acts),,1686,4
HIGMAN,Mathew,mar & cooper,Plymouth,,1691,99
HILL,Edward,yeo,West Anstey,,1691,140
HILLARY,Thomas,,"Linderford, Thorncombe",,1689,99
HODGE,Nicholas,,Exeter,,1692,39
,,,"(H.M.S. ""George"")",,,
HOLDSWORTHY,Arthur,merchant,Dartmouth,,1690,107
HOLLETT,John,mar,Topsham,,1692,108
HOOD,"Timothy,","bach, waterman","Racliffe, Stephney, Mdx",,1689,178
,,,(d. Plymouth in H.M. service),,,
HOOPER,Thomas,yeo,Gittesham,,1690,106
,,,"now St Mary, Whitechapel, Mdx",,,
,,,"(St Giles, Cripplegate, Lond.)",,,
HORNE see MARKES,,,,,,
HORSHAM,John,merchant,Plymouth,,1689,98
HUNGERFORD,Anthony,esq.,"Cannonleigh, Burlescombe",,1689,43
,,,"(St Martin-in-the-Fields, Mdx;",,,
,,,d. in Ireland),,,
ILBERT,"Peter, senr.,",gent.,Buckfastleigh,,1692,130
ISAACK,Christopher,,"Manson, Sidbury",,1686,114
,,,,will registered 161 Coke (1669),,
ISAACK,Nicholas,merchant,city of Exeter,,1686,59
,,,,(P.A.B. 1687 fo 102),,
ISAACK,"Nicholas, senr.,",merchant,city of Exeter,,1686,144
,,,,will registered 167 Bath (1680),,
JAGO,"Jane,",wid.,Dartmouth,,1692,10
JAGO,Walter,merchant,Dartmouth,,1689,99
JEFFERY,Thomas,merchant,Barnstaple,,1687,64
JENNENS,William,merchant,Plymouth,,1688,62
,,,,Sentence,1692,240
JOCE,"John, senr.",yeo,Swymbridge,,1687,23
KELLAND,"Walter,",gent.,Stoake Cannon,,1686,150
,,,,will registered 76 Eure (1672),,
,,,,(P.A.B. 1686 fo 3),,
KELLOND,John,esq,Painsford,,1692,206
,,,[Ashprington],,,
KINGSTON,John,beer brewer,Plymouth,,1690,45
KIRKA(L)DIE,"James,",bach,"H.M.S. ""James"" galley",,,
,,,,Sentence,1686,177
,,,"d. Plymouth, Devon",,,
,,,,(nuncup; nullity of will; confirmation Admin),,
KNOWLING,"Anstis,",wid.,Dartmouth,,1692,206
KNOYLE,"William,",gent,Dartmouth,,1690,73
LACKWORTHY,"Richard,",gent.,Ashwater,,1687,50
LAKE,"John,","bach, mar",Framington,,1686,98
,,,(d. overseas),,,
,,,[Fremington],,,
LAMBERTON,"Nicholas, senr.,",husb,Uplyme,,1686,78
LAND,Richard,,Cadeleigh,,1690,8
LANDER,George,seaman,Exmouth,,1689,142
,,,"(H.M.S. ""Elizabeth"")",,,
LANE,John,yeo,South Milton,,1686,52
,,,[South Molton],Sentence,1686,175
,,,"(d. St Thomas Apostle, Lond.)",,,
LANG,"Robert,",bach. merchant (consul),city of Marseilles,,1688,43
,,,"Woodwith, Brixham, Exon [Exeter]",,,
,,,,(P.A.B. 1689 fo 112),,
,,,(French with two translations),,,
LANYON,"Constance,",wid.,Plymouth,,1691,169
LANYON,Philip,,Plymouth,,1688,137
LATEY,"Thomas,",gent.,Southmolton,,1687,25
,,,"(St Martin-in-the-Fields, Mdx.",,,
,,,"d. St Thomas' Hospital, Southwark, Surrey)",,,
LAVINGTON,John,fuller,St Leonard,,1690,110
,,,"[Par. of St Leonard, Exeter]",,,
LAWLER,Stephen,merchant,Plymouth,,1685,98
LEIGH,"John,",gent.,city of Exeter,,1686,98
,,,"(city of New Sarum, Wilts; P.A.B. 1693 fo 8)",,,
,,,"[Salisbury, Wilts.]",,,
LEYMAN,"John,",yeo,Cleyhidon,,1687,64
,,,[Clayhydon],,,
LIVERMORE,Thomas,mar,East Budley,,1692,11
,,,(East Badby; d. at sea serving),,,
,,,[East Budleigh],,,
LOVERING,John,merchant,Weare Gifford,,1686,108
LUMBARD,Thoma,yeo,Combepyne,,1692,226
MADOCK,"Thomas,",gent.,"Charford, [Chasford] S.Brent",,,
,,,,,1689,161
MAINARD,Samuel,mar,Milton Abbott,,1689,127
,,,"ship ""Naples Hania""; ship ""Edgar"" at sea",,,
,,,"(St Olave, Southwark, Surrey)",,,
MALLACKE,Richard,Axminster,,,1690,188
MANFIELD,Henry,yeo,Axminster,,1692,113
MARKES als HORNE,Thomas,yeo,"Burridge, Chardstock, Dor.",,1686,21
MAPOWDER,"Francis,",gent.,city of Exeter,,1687,154
MARTIN,John,mar,Linn,,1692,170
,,,"(ship ""Scarborough"" ketch)",,,
MARTIN,John,,Plymouth,,1689,46
MARTIN,William,esq.,Plymouth,,1690,46
,,,,(further probate Sept 1696,,
,,,,P.A.B. 1690 fo 43),,
MARTINGALE,Samuel,mar,Bastable,,1690,26
,,,"(H.M.S. ""Exeter"")",,,
,,,[Barnstaple],,,
MARWOOD,"Daniel,",gent.,Coliton,,1693,44
,,,[Colyton],Sentence,1694,[no fo #]
MATHEW,John,mar,"East Stonehouse, Plymouth",,1692,227
MATHEW,William,,Stonehouse,,1687,96
,,,[East Stonehouse],,,
MAUNDER,"John, senr.",,Studley,,1688,97
,,,[Stoodleigh],,,
MAY,Thomas,,Halberton,,1688,156
,,,,will registered 132 North (1681),,
MAYOW,"Joseph,",gent.,"St Sidwell, city of Exeter",,1690,111
,,,"(Michael Stow, Corn.)",,,
MELPLEY,William,mar,"St Mary Magdalen,",,1687,39
,,,"Bermondsey, Surrey",,,
,,,"(in ship ""Morlaix"", merchant,",,,
,,,"or at Dartmouth, Devon)",,,
MERVIN,"Ursula,",wid.,Heaton Punchardin,,1688,36
MILLS,Robert,yeo,Uffculme (Ufcolumb),,1693,67
MITCHELL,Henry,mar,Dartmouth,,1692,188
,,,"(H.M.S. ""Brittania"")",,,
MONDAY,"Mathew, senr.",clothier,Plymtree,,1690,25
MOORCOCKE,Nathaniel,mar,Plymouth,,1692,12
,,,"(H.M.S. ""Advice"")",,,
MORICE,"Sir William,",Bt,Werington,,1690,46
MORTIMORE,George,,city of Exeter,,1688,36
MORTIMER,Hugh,hotpresser,Tiverton,,1688,64
MOULD,George,mar,Devon,,1693,143
,,,(at sea or overseas),,,
MUDD,Ambrose,merchant,Kingswear,,1690,206
MUNK,"Mary,",wid.,Thorncombe,,1687,39
MUSGRAVE,John,merchant,Barnstaple,,1691,215
NEWBERRY,John,yeo,"Chardstock, Dorset",,1691,194
,,,,(P.A.B. 1693 fo 54),,
NEWBERRY,Robert,yeo,Yarcombe,,1687,117
NEWTE,"Richard,",gent.,"Duvall, Bampton",,1691,84
,,,,(double probate),,
NORCOTT,"Nathaniel,","bach, mar",Bediford,,1686,99
,,,"(d. in ship ""Williamton"" at sea)",,,
,,,[Bideford],,,
NORTHCOTT,"Sir Arthur,",Bt,Hayne [Newton St Cyres],,1689,101
OSBORNE,"John, senr.",yeo,Christow,,1686,136
PALMER,Richard,miller,"Milheys, Stockland, Dorset",,1688,99
PARKER,Edmund,esq.,North Molton,,1691,183
,,,,"(Burrington, Devon; P.A.B. 1693 Fo 186)",,
PARKER,John,mar,Hinton,,1692,132
,,,"(H.M.S.""Tiger""; ship ""Brittania"";",,,
,,,"in St Thomas' Hospital, Southwark, Surrey)",,,
,,,[?Heaton Punchardon],,,
PARKINS,John,mar,Maker,,1688,110
PARSONS,Edmund,,Holcombe Regis,,,
,,,,(Contra) Sentence,689,187
PARTRIDGE,Amos,yeo,Challacombe Rawleigh,,1688,66
PATE,Robert,,"Middle Temple, Lond.",,1689,23
,,,"(St Thomas the Apostle, Exeter)",,,
PEARSE,"John,","bach, mar","Plymouth, Dev",,1690,9
,,,"(ship ""Nathaniel""; E. Indies)",,,
PEARSE,Joseph,grocer,city of Exeter,,1691,86
,,,,(P.A.B. 1692 for 87),,
PEARSE,Richard,,"Chardstock, Dorset",,1693,194
PELLY,Josiah,mar,"H.M.S. ""Concord""",,1693,144
,,,(d. Dartmouth),,,
PETTER(S)ON,Thomas,mar,Plymouth,,1691,85
,,,"(H.M.S. ""Kingfisher"")",,,
PIKES,Walter,,"Twickenham, Mdx",,1690,113
,,,"(d. at sea, at Torbay)",,,
PIM,William,spanish leather dresser,,,,
,,,"St Saviour, Southwark",,1691,173
,,,"(H.M.S. ""Royal Oak"" (at Plymouth))",,,
PINCE,Joseph,clothier,Ex Ireland [?Island],,1692,72
,,,"(St Edmund upon the Bridge, Exeter)",,,
PINE,Edward,esq,East Downe,,1692,116
PINE,James,merchant,city of Exeter,,1688,66
PINNEY,"Francis, senr.,",dyer,Axminster,,1693,85
PINSENT,Ellis,mercer,city of Exeter,,1691,147
PLYME,Peter,seaman,Tiverton,,1693,163
,,,"(H.M.S. ""Diamond""; d. overseas)",,,
POLLARD,Ann,,"Northpool, Southpool",,1687,142
,,,,will registered 144 North (1681),,
POLLARD,"Christopher, senr.,",gent.,"Caplin Bay, Newfoundland",,,
,,,"now at Bideford,Devon",,1693,13
POLWHELE,"Theophilus,",gent.,Tiverton,,1689,85
POOLE,Peter,husb.,Churchstanton,,1692,228
POWNING,Peter,,Plymouth,,1692,22
,,,"now of Cadiz, Spain",,,
PRATT,William,yeo,"Kerswell, Broadhembury",,1686,152
PRICE,William,rector of,Sampford Courtenay,,1687,82
PRIDHAM,Edward,clerk,Morchard Bishop,,1688,66
PRINCE,"John, senr.,",gent.,"Nower, Kilmington",,1689,35
PRING,"Alice,",wid.,Honiton,,1693,85
PRING,John,yeo,Honiton,,1687,27
PRINN,John,merchant,Wenbury,,1687,97
PRUST,Charles,merchant,"Barbadoes, at Plymouth",,1687,82
PUTT,Sir Thomas,Bt,"Combe, Gittesham",,1687,28
QUICK,Henry,,Hevitree,,1689,103
RAILLARD,James,merchant,Exeter,,1692,230
RAPSIN,John,yeo,Thorncombe,,1691,149
READ,William,mar,Plymouth,,1690,190
,,,"(H.M.S. ""Phonix"")",,,
REED,Aaron,,Collyton,,1692,93
REED,"John,","bach, mar",Plymouth,,1686,132
,,,(d. Jamaica),,,
RICHARDS,"Mary,",wid.,Honiton,,1692,133
RICHARDS,Timothy,blacksmith,Bampton,,1691,104
RICHARDS,William,husb,Bampton,,1687,155
,,,,Sentence,1687,171
RODD,"Joseph,",gent.,Ensign in Duke of Bolton's Regt of Foot,,,
,,,"(Stoake Cannon, Dvn; Blackfriars, Lond.",,,
,,,"d. Northaliton, Yorks)",,1693,145
ROE,Richard,,Rivelisock,,1691,176
,,,"(H.M.S. ""Tiger"" prize at Carlile Bay, Barbadoes - at sea)",,,
,,,[Revelstoke],,,
ROUSE,"Robert,",gent.,Farrington,,1692,54
ROUSE,Thomas,mar,(d. Plymouth),,1690,164
,,,"(St Paul, Shadwell, Mdx)",,,
ROWE,William,yeo,Dunkeswell,,1686,154
ROWE,William,merchant,Plymouth,,1691,130
,,,,Sentence,1691,229
SALISBURY,"Richard,",gent.,Barnestaple,,1686,133
SALSBURY,"Thomas,",gent.,Allwington,,1691,199
SAMFORD als COSTIN,Thomas,clothier,Tiverton,,1687,69
SAUNDERS,John,carrier,Plymouth,,1692,119
SANDERS,John,yeo,Kentisbeare (Countisbury),,1692,56
SANDFORD als COSTIN,"Alice,",wid.,Tiverton,,1688,100
SEGVINE,"Peter,",bach,Bastable,,1690,159
,,,"(H.M.S. ""Ross"")",,,
,,,[Barnstaple],,,
SHEARES,Ralph,haberdasher,Exeter,,1689,129
,,,"(St Mary Whitechapel, Mdx)",,,
SHEARES,Richard,clothier,"St David, city of Exeter",,1691,31
SHEPHEARD,Sampson,,Cornwood,,1686,176
,,,,Sentence for nullity,,
SKIBBOW,William,fuller,St Thomas the Apostle,,1690,49
,,,"[St Thomas the Apostle, Exeter]",,,
SLADE,Peter,mar,"Yalmeton (Yalpton),",,1693,87
,,,nr Plymouth,,,
,,,"(d. in ship ""Albermarle""; at sea)",,,
,,,[Yealmpton],,,
SLANNING,"Sir Nicholas,",Kt & Bt,"Mariston, Tamerton Folliott",,1692,144
,,,,Sentence,1692,240
SMALLRIDGE,"Anthony, senr.,",clothier,Chitelhampton,,1692,133
SMITH,"Joane,",wid.,Membury,,1687,13
SMITH,Thomas,mar,Dartmouth,,1690,31
SNEETH,Thomas,mar,"Sumerby, Lincs",,1691,178
,,,"(ship ""Royal Catherine"" at Plymouth)",,,
SPARKE,Angel,clothier,city of Exeter,,1686,35
SPARKE,"Elizabeth,",wid.,city of Exeter,,1693,36
SPRAKE,"Grace, wid.",,Churchstanton,,1687,142
SPRINGHAM,"John, bach",doctor,Barbadoes,,1689,146
,,,"(H.M.S. ""Greenwich"" in Road of Torbay)",,,
SQUIRE,William,yeo,Templeton,,1692,175
STEVINS,"Lewis,",gent.,Braunton [Brampton],,1691,60
STOCKER,"Elizabeth,",spr,"Stockland, Dorset",,1689,87
STOCKER,"Francis, senr.",yeo,Shute,,1693,117
STONE,"Mary,",wid.,Uplowman,,1692,192
STONEINGE,"Tristram,",gent.,Honyton,,1689,165
STUCKLEY,"Susannah,",wid.,Afton,,1692,175
,,,"[Affton Barton, West Worlington]",,,
,,,[seat of STUKELEY family],,,
SUMMERHAIES,Robert,cordwainer,"Stockland, Dorset",,1686,156
SWEETE,John,mar,Dartmouth,,1692,56
TANER,"Samuel,",gent.,"Chorly, Farringdon",,1689,71
TAYLOR,James,yeo,Holcomb Regis,,1692,121
TAYLOR,Peter,mar,Taunton [Somerset],,1689,184
,,,"(H.M.S. ""Elizabeth""; d. Plymouth)",,,
TEAGUE,David,merchant,Plymouth,,1689,166
TEASEY,"Pete,","bach, mar",Ply [mouth],,1690,33
,,,"(H.M.S. ""Yorke""; at sea)",,,
TERRILL(Y),John,,Northam,,1691,73
TOMKINS,"Thomas,",gent. (armiger),Axminster,,1689,130
TOTTLE,John,cooper,Plymouth,,1686,84
TOWELLS,Richar,mar,Dartmouth,,1689,87
TOWILL,Elizabeth.,wid,"Broomfield, Somerset",,1688,85
,,,"now Branstaple, Devon",,,
TOZER,Aaron,haberdasher,city of Exeter,,1686,102
TRANKMORE,Thomas,mar,Topsham,,1693,37
,,,"ship ""St Andrew""",,,
TRAPNELL,Peter,yeo,Topsham,,1690,32
TRAPNELL,Peter,mar,Wadbury,,1691,222
,,,"H.M.S. ""Bristol""",,,
,,,[Woodbury],,,
TRIPE,Nicholas,mercer,Kingsbridge,,1686,25
,,,now Charlton [nr Kingsbridge],,,
TRO(U)BRIDGE,Simon,merchant,city of Exeter,,1686,84
TUCKFIELD,Roger,esq.,"Raddon Court,",,1687,172
,,,"[Par. of Thorverton, Devon]",,,
,,,,Sentence,1690,167
,,,,(Confirmed by Court of Delegates 15 Mar 1690),,
TURPIN,Richard,,Plympton St Mary,,1689,87
VELLACOTT,Richar,husb,Knowstone,,1688,70
VENTON,Joseph,,Dartmouth,,1691,56
,,,,will registered 136 King (1679),,
VERSAY,"Margaret,",wid.,Willington,,1693,198
,,,[?Wilmington],,,
WAAD,"John,",gent.,city of Exeter,,1686,67
WALCOT,Thomas,,"Sandford, Exon",,1690,132
,,,[Exeter],,,
WALDRON,Sir William,Kt,Bradfield,,1689,137
WALKER,Edimion,esq,alderman of Exeter,,1686,86
WAREN,John,,Burlescombe,,1689,55
WARREN,"John,",gent.,"Oldridge Ward, Exeter",,1688,143
,,,(now Lond. d. overseas),,,
WARREN,Richard,,Halberton,,1691,95
,,,,will registered 111 Bath (1680),,
WARREN,William,,Huntsham,,1691,111
,,,,Sentence,1687,168
WATTS,Thomas,mar,Tapsorne [?Topsham],,1693,102
,,,"(H.M.S. ""Antelope"")",,,
WEBER,William,clothier,Tyverton,,1690,34
WEEKES,"John,",bach,Drewstenton,,1693,222
,,,"(d. in H.M.S. ""Vanguard"")",,,
,,,[Drewsteignton],,,
WEEKES,Thomas,shipwright,Townstall,,1691,17
,,,"(H.M.S. ""Dartmouth"")",,,
,,,"[Townstall, Dartmouth]",,,
WELMAN,Thomas,,Luppitt,,1686,112
WHEELER,"Hannah, junr",,Bishops Morchard,,1690,196
WHIDDON,Johanne,,Totnes,,1692,18
WHITE,George,mar,Brainstum [Branscum],,1691,182
,,,"(H.M.S. ""Harwich""; overseas)",,,
,,,[Branscombe],,,
WHITE,"John, senr",,Coldridge,,1689,179
,,,,will registered 143 Cottle (1682),,
WHITTEY,Thomas,,Axminster,,1693,38
WILLIAMS,Dawbeny,,"Male, Tavistock",,1689,116
WINDYETT,Anthony,clothier,Plymouth,,1686,86
WISE,John,merchant,"Holy Trinity, Exeter",,1688,41
,,,,(regd twice) Sentence,1687,171
WISLADE,Allen,yeo,Shute,,1687,87
WITHICOM,James,mar,Plymouth,,1690,196
WOOD,"Anne,",wid.,Tiverton,,1687,15
WOTTON,Walter,,Blackawton,,1692,18
WOTTON,William,goldsmith,city of Exeter,,1690,119
YARDS,"Jane,",wid.,Ottery St Mary,,1688,113
YEANDLE,William,cordwainer,Bampton,,1690,35
YOLDON,John,vintner,Newton Abbott,,1686,103
